PA,SZ,FA,HSE,Time
Ang Mo Kio,Ang Mo Kio Town Centre,<=60,0,2024
Ang Mo Kio,Ang Mo Kio Town Centre,>60 to 80,180,2024
Ang Mo Kio,Ang Mo Kio Town Centre,>80 to 100,460,2024
Ang Mo Kio,Ang Mo Kio Town Centre,>100 to 120,1030,2024
Ang Mo Kio,Ang Mo Kio Town Centre,>120,210,2024
Ang Mo Kio,Ang Mo Kio Town Centre,Not Available,120,2024
Ang Mo Kio,Cheng San,<=60,490,2024
Ang Mo Kio,Cheng San,>60 to 80,4700,2024
Ang Mo Kio,Cheng San,>80 to 100,4170,2024
Ang Mo Kio,Cheng San,>100 to 120,1290,2024
Ang Mo Kio,Cheng San,>120,210,2024
Ang Mo Kio,Cheng San,Not Available,130,2024
Ang Mo Kio,Chong Boon,<=60,700,2024
Ang Mo Kio,Chong Boon,>60 to 80,4340,2024
Ang Mo Kio,Chong Boon,>80 to 100,3630,2024
Ang Mo Kio,Chong Boon,>100 to 120,1130,2024
Ang Mo Kio,Chong Boon,>120,130,2024
Ang Mo Kio,Chong Boon,Not Available,180,2024
Ang Mo Kio,Kebun Bahru,<=60,1260,2024
Ang Mo Kio,Kebun Bahru,>60 to 80,3720,2024
Ang Mo Kio,Kebun Bahru,>80 to 100,2680,2024
Ang Mo Kio,Kebun Bahru,>100 to 120,370,2024
Ang Mo Kio,Kebun Bahru,>120,870,2024
Ang Mo Kio,Kebun Bahru,Not Available,140,2024
Ang Mo Kio,Sembawang Hills,<=60,40,2024
Ang Mo Kio,Sembawang Hills,>60 to 80,70,2024
Ang Mo Kio,Sembawang Hills,>80 to 100,160,2024
Ang Mo Kio,Sembawang Hills,>100 to 120,150,2024
Ang Mo Kio,Sembawang Hills,>120,1610,2024
Ang Mo Kio,Sembawang Hills,Not Available,50,2024
Ang Mo Kio,Shangri-La,<=60,1450,2024
Ang Mo Kio,Shangri-La,>60 to 80,2390,2024
Ang Mo Kio,Shangri-La,>80 to 100,2100,2024
Ang Mo Kio,Shangri-La,>100 to 120,470,2024
Ang Mo Kio,Shangri-La,>120,460,2024
Ang Mo Kio,Shangri-La,Not Available,80,2024
Ang Mo Kio,Tagore,<=60,50,2024
Ang Mo Kio,Tagore,>60 to 80,140,2024
Ang Mo Kio,Tagore,>80 to 100,60,2024
Ang Mo Kio,Tagore,>100 to 120,430,2024
Ang Mo Kio,Tagore,>120,1840,2024
Ang Mo Kio,Tagore,Not Available,10,2024
Ang Mo Kio,Townsville,<=60,730,2024
Ang Mo Kio,Townsville,>60 to 80,2410,2024
Ang Mo Kio,Townsville,>80 to 100,3650,2024
Ang Mo Kio,Townsville,>100 to 120,650,2024
Ang Mo Kio,Townsville,>120,530,2024
Ang Mo Kio,Townsville,Not Available,70,2024
Ang Mo Kio,Yio Chu Kang,<=60,0,2024
Ang Mo Kio,Yio Chu Kang,>60 to 80,0,2024
Ang Mo Kio,Yio Chu Kang,>80 to 100,0,2024
Ang Mo Kio,Yio Chu Kang,>100 to 120,0,2024
Ang Mo Kio,Yio Chu Kang,>120,0,2024
Ang Mo Kio,Yio Chu Kang,Not Available,0,2024
Ang Mo Kio,Yio Chu Kang East,<=60,40,2024
Ang Mo Kio,Yio Chu Kang East,>60 to 80,70,2024
Ang Mo Kio,Yio Chu Kang East,>80 to 100,40,2024
Ang Mo Kio,Yio Chu Kang East,>100 to 120,170,2024
Ang Mo Kio,Yio Chu Kang East,>120,1110,2024
Ang Mo Kio,Yio Chu Kang East,Not Available,0,2024
Ang Mo Kio,Yio Chu Kang North,<=60,0,2024
Ang Mo Kio,Yio Chu Kang North,>60 to 80,0,2024
Ang Mo Kio,Yio Chu Kang North,>80 to 100,0,2024
Ang Mo Kio,Yio Chu Kang North,>100 to 120,0,2024
Ang Mo Kio,Yio Chu Kang North,>120,0,2024
Ang Mo Kio,Yio Chu Kang North,Not Available,0,2024
Ang Mo Kio,Yio Chu Kang West,<=60,1310,2024
Ang Mo Kio,Yio Chu Kang West,>60 to 80,2590,2024
Ang Mo Kio,Yio Chu Kang West,>80 to 100,2710,2024
Ang Mo Kio,Yio Chu Kang West,>100 to 120,1160,2024
Ang Mo Kio,Yio Chu Kang West,>120,1760,2024
Ang Mo Kio,Yio Chu Kang West,Not Available,70,2024
Bedok,Bayshore,<=60,70,2024
Bedok,Bayshore,>60 to 80,120,2024
Bedok,Bayshore,>80 to 100,1460,2024
Bedok,Bayshore,>100 to 120,1070,2024
Bedok,Bayshore,>120,1430,2024
Bedok,Bayshore,Not Available,0,2024
Bedok,Bedok North,<=60,5310,2024
Bedok,Bedok North,>60 to 80,9740,2024
Bedok,Bedok North,>80 to 100,10910,2024
Bedok,Bedok North,>100 to 120,3150,2024
Bedok,Bedok North,>120,3140,2024
Bedok,Bedok North,Not Available,540,2024
Bedok,Bedok Reservoir,<=60,200,2024
Bedok,Bedok Reservoir,>60 to 80,1260,2024
Bedok,Bedok Reservoir,>80 to 100,1820,2024
Bedok,Bedok Reservoir,>100 to 120,3920,2024
Bedok,Bedok Reservoir,>120,2200,2024
Bedok,Bedok Reservoir,Not Available,60,2024
Bedok,Bedok South,<=60,2490,2024
Bedok,Bedok South,>60 to 80,3360,2024
Bedok,Bedok South,>80 to 100,4950,2024
Bedok,Bedok South,>100 to 120,2270,2024
Bedok,Bedok South,>120,5570,2024
Bedok,Bedok South,Not Available,180,2024
Bedok,Frankel,<=60,1230,2024
Bedok,Frankel,>60 to 80,850,2024
Bedok,Frankel,>80 to 100,1300,2024
Bedok,Frankel,>100 to 120,1970,2024
Bedok,Frankel,>120,8140,2024
Bedok,Frankel,Not Available,400,2024
Bedok,Kaki Bukit,<=60,1070,2024
Bedok,Kaki Bukit,>60 to 80,2180,2024
Bedok,Kaki Bukit,>80 to 100,3330,2024
Bedok,Kaki Bukit,>100 to 120,1650,2024
Bedok,Kaki Bukit,>120,4230,2024
Bedok,Kaki Bukit,Not Available,100,2024
Bedok,Kembangan,<=60,2180,2024
Bedok,Kembangan,>60 to 80,3080,2024
Bedok,Kembangan,>80 to 100,2090,2024
Bedok,Kembangan,>100 to 120,1780,2024
Bedok,Kembangan,>120,4540,2024
Bedok,Kembangan,Not Available,190,2024
Bedok,Siglap,<=60,290,2024
Bedok,Siglap,>60 to 80,420,2024
Bedok,Siglap,>80 to 100,160,2024
Bedok,Siglap,>100 to 120,550,2024
Bedok,Siglap,>120,2170,2024
Bedok,Siglap,Not Available,0,2024
Bishan,Bishan East,<=60,300,2024
Bishan,Bishan East,>60 to 80,1370,2024
Bishan,Bishan East,>80 to 100,2610,2024
Bishan,Bishan East,>100 to 120,1710,2024
Bishan,Bishan East,>120,3890,2024
Bishan,Bishan East,Not Available,50,2024
Bishan,Marymount,<=60,50,2024
Bishan,Marymount,>60 to 80,10,2024
Bishan,Marymount,>80 to 100,490,2024
Bishan,Marymount,>100 to 120,5230,2024
Bishan,Marymount,>120,3490,2024
Bishan,Marymount,Not Available,40,2024
Bishan,Upper Thomson,<=60,1010,2024
Bishan,Upper Thomson,>60 to 80,2040,2024
Bishan,Upper Thomson,>80 to 100,1760,2024
Bishan,Upper Thomson,>100 to 120,2060,2024
Bishan,Upper Thomson,>120,5040,2024
Bishan,Upper Thomson,Not Available,80,2024
Boon Lay,Liu Fang,<=60,0,2024
Boon Lay,Liu Fang,>60 to 80,0,2024
Boon Lay,Liu Fang,>80 to 100,0,2024
Boon Lay,Liu Fang,>100 to 120,0,2024
Boon Lay,Liu Fang,>120,0,2024
Boon Lay,Liu Fang,Not Available,0,2024
Boon Lay,Samulun,<=60,0,2024
Boon Lay,Samulun,>60 to 80,0,2024
Boon Lay,Samulun,>80 to 100,0,2024
Boon Lay,Samulun,>100 to 120,0,2024
Boon Lay,Samulun,>120,0,2024
Boon Lay,Samulun,Not Available,0,2024
Boon Lay,Shipyard,<=60,0,2024
Boon Lay,Shipyard,>60 to 80,0,2024
Boon Lay,Shipyard,>80 to 100,0,2024
Boon Lay,Shipyard,>100 to 120,0,2024
Boon Lay,Shipyard,>120,0,2024
Boon Lay,Shipyard,Not Available,0,2024
Boon Lay,Tukang,<=60,0,2024
Boon Lay,Tukang,>60 to 80,0,2024
Boon Lay,Tukang,>80 to 100,0,2024
Boon Lay,Tukang,>100 to 120,0,2024
Boon Lay,Tukang,>120,0,2024
Boon Lay,Tukang,Not Available,0,2024
Bukit Batok,Brickworks,<=60,4450,2024
Bukit Batok,Brickworks,>60 to 80,1270,2024
Bukit Batok,Brickworks,>80 to 100,3820,2024
Bukit Batok,Brickworks,>100 to 120,2180,2024
Bukit Batok,Brickworks,>120,80,2024
Bukit Batok,Brickworks,Not Available,0,2024
Bukit Batok,Bukit Batok Central,<=60,860,2024
Bukit Batok,Bukit Batok Central,>60 to 80,1770,2024
Bukit Batok,Bukit Batok Central,>80 to 100,1640,2024
Bukit Batok,Bukit Batok Central,>100 to 120,3450,2024
Bukit Batok,Bukit Batok Central,>120,2000,2024
Bukit Batok,Bukit Batok Central,Not Available,70,2024
Bukit Batok,Bukit Batok East,<=60,0,2024
Bukit Batok,Bukit Batok East,>60 to 80,2350,2024
Bukit Batok,Bukit Batok East,>80 to 100,1130,2024
Bukit Batok,Bukit Batok East,>100 to 120,440,2024
Bukit Batok,Bukit Batok East,>120,580,2024
Bukit Batok,Bukit Batok East,Not Available,80,2024
Bukit Batok,Bukit Batok South,<=60,0,2024
Bukit Batok,Bukit Batok South,>60 to 80,140,2024
Bukit Batok,Bukit Batok South,>80 to 100,1080,2024
Bukit Batok,Bukit Batok South,>100 to 120,1970,2024
Bukit Batok,Bukit Batok South,>120,1440,2024
Bukit Batok,Bukit Batok South,Not Available,0,2024
Bukit Batok,Bukit Batok West,<=60,0,2024
Bukit Batok,Bukit Batok West,>60 to 80,1880,2024
Bukit Batok,Bukit Batok West,>80 to 100,1010,2024
Bukit Batok,Bukit Batok West,>100 to 120,1490,2024
Bukit Batok,Bukit Batok West,>120,630,2024
Bukit Batok,Bukit Batok West,Not Available,60,2024
Bukit Batok,Gombak,<=60,200,2024
Bukit Batok,Gombak,>60 to 80,90,2024
Bukit Batok,Gombak,>80 to 100,1360,2024
Bukit Batok,Gombak,>100 to 120,870,2024
Bukit Batok,Gombak,>120,780,2024
Bukit Batok,Gombak,Not Available,0,2024
Bukit Batok,Guilin,<=60,780,2024
Bukit Batok,Guilin,>60 to 80,1030,2024
Bukit Batok,Guilin,>80 to 100,940,2024
Bukit Batok,Guilin,>100 to 120,1290,2024
Bukit Batok,Guilin,>120,860,2024
Bukit Batok,Guilin,Not Available,10,2024
Bukit Batok,Hillview,<=60,820,2024
Bukit Batok,Hillview,>60 to 80,650,2024
Bukit Batok,Hillview,>80 to 100,1500,2024
Bukit Batok,Hillview,>100 to 120,1870,2024
Bukit Batok,Hillview,>120,3840,2024
Bukit Batok,Hillview,Not Available,10,2024
Bukit Batok,Hong Kah North,<=60,380,2024
Bukit Batok,Hong Kah North,>60 to 80,3010,2024
Bukit Batok,Hong Kah North,>80 to 100,2900,2024
Bukit Batok,Hong Kah North,>100 to 120,1120,2024
Bukit Batok,Hong Kah North,>120,1320,2024
Bukit Batok,Hong Kah North,Not Available,90,2024
Bukit Merah,Alexandra Hill,<=60,2270,2024
Bukit Merah,Alexandra Hill,>60 to 80,650,2024
Bukit Merah,Alexandra Hill,>80 to 100,880,2024
Bukit Merah,Alexandra Hill,>100 to 120,660,2024
Bukit Merah,Alexandra Hill,>120,750,2024
Bukit Merah,Alexandra Hill,Not Available,210,2024
Bukit Merah,Alexandra North,<=60,230,2024
Bukit Merah,Alexandra North,>60 to 80,510,2024
Bukit Merah,Alexandra North,>80 to 100,270,2024
Bukit Merah,Alexandra North,>100 to 120,580,2024
Bukit Merah,Alexandra North,>120,270,2024
Bukit Merah,Alexandra North,Not Available,0,2024
Bukit Merah,Bukit Ho Swee,<=60,3160,2024
Bukit Merah,Bukit Ho Swee,>60 to 80,1140,2024
Bukit Merah,Bukit Ho Swee,>80 to 100,1200,2024
Bukit Merah,Bukit Ho Swee,>100 to 120,670,2024
Bukit Merah,Bukit Ho Swee,>120,130,2024
Bukit Merah,Bukit Ho Swee,Not Available,130,2024
Bukit Merah,Bukit Merah,<=60,0,2024
Bukit Merah,Bukit Merah,>60 to 80,60,2024
Bukit Merah,Bukit Merah,>80 to 100,10,2024
Bukit Merah,Bukit Merah,>100 to 120,270,2024
Bukit Merah,Bukit Merah,>120,20,2024
Bukit Merah,Bukit Merah,Not Available,40,2024
Bukit Merah,City Terminals,<=60,0,2024
Bukit Merah,City Terminals,>60 to 80,0,2024
Bukit Merah,City Terminals,>80 to 100,0,2024
Bukit Merah,City Terminals,>100 to 120,0,2024
Bukit Merah,City Terminals,>120,0,2024
Bukit Merah,City Terminals,Not Available,0,2024
Bukit Merah,Depot Road,<=60,110,2024
Bukit Merah,Depot Road,>60 to 80,170,2024
Bukit Merah,Depot Road,>80 to 100,930,2024
Bukit Merah,Depot Road,>100 to 120,770,2024
Bukit Merah,Depot Road,>120,740,2024
Bukit Merah,Depot Road,Not Available,0,2024
Bukit Merah,Everton Park,<=60,990,2024
Bukit Merah,Everton Park,>60 to 80,930,2024
Bukit Merah,Everton Park,>80 to 100,970,2024
Bukit Merah,Everton Park,>100 to 120,650,2024
Bukit Merah,Everton Park,>120,820,2024
Bukit Merah,Everton Park,Not Available,60,2024
Bukit Merah,Henderson Hill,<=60,2230,2024
Bukit Merah,Henderson Hill,>60 to 80,2300,2024
Bukit Merah,Henderson Hill,>80 to 100,850,2024
Bukit Merah,Henderson Hill,>100 to 120,350,2024
Bukit Merah,Henderson Hill,>120,260,2024
Bukit Merah,Henderson Hill,Not Available,10,2024
Bukit Merah,Kampong Tiong Bahru,<=60,1780,2024
Bukit Merah,Kampong Tiong Bahru,>60 to 80,1590,2024
Bukit Merah,Kampong Tiong Bahru,>80 to 100,420,2024
Bukit Merah,Kampong Tiong Bahru,>100 to 120,740,2024
Bukit Merah,Kampong Tiong Bahru,>120,240,2024
Bukit Merah,Kampong Tiong Bahru,Not Available,90,2024
Bukit Merah,Maritime Square,<=60,90,2024
Bukit Merah,Maritime Square,>60 to 80,210,2024
Bukit Merah,Maritime Square,>80 to 100,530,2024
Bukit Merah,Maritime Square,>100 to 120,710,2024
Bukit Merah,Maritime Square,>120,1530,2024
Bukit Merah,Maritime Square,Not Available,30,2024
Bukit Merah,Redhill,<=60,1300,2024
Bukit Merah,Redhill,>60 to 80,620,2024
Bukit Merah,Redhill,>80 to 100,1450,2024
Bukit Merah,Redhill,>100 to 120,880,2024
Bukit Merah,Redhill,>120,980,2024
Bukit Merah,Redhill,Not Available,30,2024
Bukit Merah,Singapore General Hospital,<=60,0,2024
Bukit Merah,Singapore General Hospital,>60 to 80,0,2024
Bukit Merah,Singapore General Hospital,>80 to 100,0,2024
Bukit Merah,Singapore General Hospital,>100 to 120,0,2024
Bukit Merah,Singapore General Hospital,>120,0,2024
Bukit Merah,Singapore General Hospital,Not Available,0,2024
Bukit Merah,Telok Blangah Drive,<=60,860,2024
Bukit Merah,Telok Blangah Drive,>60 to 80,2230,2024
Bukit Merah,Telok Blangah Drive,>80 to 100,3270,2024
Bukit Merah,Telok Blangah Drive,>100 to 120,1020,2024
Bukit Merah,Telok Blangah Drive,>120,430,2024
Bukit Merah,Telok Blangah Drive,Not Available,50,2024
Bukit Merah,Telok Blangah Rise,<=60,1000,2024
Bukit Merah,Telok Blangah Rise,>60 to 80,1270,2024
Bukit Merah,Telok Blangah Rise,>80 to 100,690,2024
Bukit Merah,Telok Blangah Rise,>100 to 120,1290,2024
Bukit Merah,Telok Blangah Rise,>120,490,2024
Bukit Merah,Telok Blangah Rise,Not Available,50,2024
Bukit Merah,Telok Blangah Way,<=60,1360,2024
Bukit Merah,Telok Blangah Way,>60 to 80,1570,2024
Bukit Merah,Telok Blangah Way,>80 to 100,490,2024
Bukit Merah,Telok Blangah Way,>100 to 120,400,2024
Bukit Merah,Telok Blangah Way,>120,90,2024
Bukit Merah,Telok Blangah Way,Not Available,40,2024
Bukit Merah,Tiong Bahru,<=60,330,2024
Bukit Merah,Tiong Bahru,>60 to 80,1030,2024
Bukit Merah,Tiong Bahru,>80 to 100,2860,2024
Bukit Merah,Tiong Bahru,>100 to 120,1250,2024
Bukit Merah,Tiong Bahru,>120,180,2024
Bukit Merah,Tiong Bahru,Not Available,140,2024
Bukit Merah,Tiong Bahru Station,<=60,1150,2024
Bukit Merah,Tiong Bahru Station,>60 to 80,90,2024
Bukit Merah,Tiong Bahru Station,>80 to 100,2450,2024
Bukit Merah,Tiong Bahru Station,>100 to 120,1620,2024
Bukit Merah,Tiong Bahru Station,>120,680,2024
Bukit Merah,Tiong Bahru Station,Not Available,40,2024
Bukit Panjang,Bangkit,<=60,20,2024
Bukit Panjang,Bangkit,>60 to 80,1340,2024
Bukit Panjang,Bangkit,>80 to 100,910,2024
Bukit Panjang,Bangkit,>100 to 120,2930,2024
Bukit Panjang,Bangkit,>120,1840,2024
Bukit Panjang,Bangkit,Not Available,20,2024
Bukit Panjang,Dairy Farm,<=60,150,2024
Bukit Panjang,Dairy Farm,>60 to 80,470,2024
Bukit Panjang,Dairy Farm,>80 to 100,400,2024
Bukit Panjang,Dairy Farm,>100 to 120,850,2024
Bukit Panjang,Dairy Farm,>120,1310,2024
Bukit Panjang,Dairy Farm,Not Available,0,2024
Bukit Panjang,Fajar,<=60,270,2024
Bukit Panjang,Fajar,>60 to 80,620,2024
Bukit Panjang,Fajar,>80 to 100,2320,2024
Bukit Panjang,Fajar,>100 to 120,3160,2024
Bukit Panjang,Fajar,>120,1880,2024
Bukit Panjang,Fajar,Not Available,0,2024
Bukit Panjang,Jelebu,<=60,350,2024
Bukit Panjang,Jelebu,>60 to 80,1810,2024
Bukit Panjang,Jelebu,>80 to 100,1020,2024
Bukit Panjang,Jelebu,>100 to 120,3590,2024
Bukit Panjang,Jelebu,>120,3650,2024
Bukit Panjang,Jelebu,Not Available,10,2024
Bukit Panjang,Nature Reserve,<=60,0,2024
Bukit Panjang,Nature Reserve,>60 to 80,20,2024
Bukit Panjang,Nature Reserve,>80 to 100,160,2024
Bukit Panjang,Nature Reserve,>100 to 120,550,2024
Bukit Panjang,Nature Reserve,>120,820,2024
Bukit Panjang,Nature Reserve,Not Available,0,2024
Bukit Panjang,Saujana,<=60,110,2024
Bukit Panjang,Saujana,>60 to 80,260,2024
Bukit Panjang,Saujana,>80 to 100,1920,2024
Bukit Panjang,Saujana,>100 to 120,2860,2024
Bukit Panjang,Saujana,>120,2400,2024
Bukit Panjang,Saujana,Not Available,0,2024
Bukit Panjang,Senja,<=60,1610,2024
Bukit Panjang,Senja,>60 to 80,400,2024
Bukit Panjang,Senja,>80 to 100,3550,2024
Bukit Panjang,Senja,>100 to 120,2220,2024
Bukit Panjang,Senja,>120,430,2024
Bukit Panjang,Senja,Not Available,0,2024
Bukit Timah,Anak Bukit,<=60,700,2024
Bukit Timah,Anak Bukit,>60 to 80,570,2024
Bukit Timah,Anak Bukit,>80 to 100,880,2024
Bukit Timah,Anak Bukit,>100 to 120,1230,2024
Bukit Timah,Anak Bukit,>120,4890,2024
Bukit Timah,Anak Bukit,Not Available,90,2024
Bukit Timah,Coronation Road,<=60,250,2024
Bukit Timah,Coronation Road,>60 to 80,170,2024
Bukit Timah,Coronation Road,>80 to 100,180,2024
Bukit Timah,Coronation Road,>100 to 120,150,2024
Bukit Timah,Coronation Road,>120,2010,2024
Bukit Timah,Coronation Road,Not Available,40,2024
Bukit Timah,Farrer Court,<=60,430,2024
Bukit Timah,Farrer Court,>60 to 80,830,2024
Bukit Timah,Farrer Court,>80 to 100,600,2024
Bukit Timah,Farrer Court,>100 to 120,380,2024
Bukit Timah,Farrer Court,>120,1720,2024
Bukit Timah,Farrer Court,Not Available,60,2024
Bukit Timah,Hillcrest,<=60,120,2024
Bukit Timah,Hillcrest,>60 to 80,150,2024
Bukit Timah,Hillcrest,>80 to 100,320,2024
Bukit Timah,Hillcrest,>100 to 120,210,2024
Bukit Timah,Hillcrest,>120,2740,2024
Bukit Timah,Hillcrest,Not Available,100,2024
Bukit Timah,Holland Road,<=60,130,2024
Bukit Timah,Holland Road,>60 to 80,290,2024
Bukit Timah,Holland Road,>80 to 100,660,2024
Bukit Timah,Holland Road,>100 to 120,380,2024
Bukit Timah,Holland Road,>120,3380,2024
Bukit Timah,Holland Road,Not Available,30,2024
Bukit Timah,Leedon Park,<=60,220,2024
Bukit Timah,Leedon Park,>60 to 80,320,2024
Bukit Timah,Leedon Park,>80 to 100,300,2024
Bukit Timah,Leedon Park,>100 to 120,200,2024
Bukit Timah,Leedon Park,>120,2770,2024
Bukit Timah,Leedon Park,Not Available,10,2024
Bukit Timah,Swiss Club,<=60,190,2024
Bukit Timah,Swiss Club,>60 to 80,210,2024
Bukit Timah,Swiss Club,>80 to 100,150,2024
Bukit Timah,Swiss Club,>100 to 120,320,2024
Bukit Timah,Swiss Club,>120,1500,2024
Bukit Timah,Swiss Club,Not Available,50,2024
Bukit Timah,Ulu Pandan,<=60,40,2024
Bukit Timah,Ulu Pandan,>60 to 80,60,2024
Bukit Timah,Ulu Pandan,>80 to 100,290,2024
Bukit Timah,Ulu Pandan,>100 to 120,300,2024
Bukit Timah,Ulu Pandan,>120,3880,2024
Bukit Timah,Ulu Pandan,Not Available,20,2024
Central Water Catchment,Central Water Catchment,<=60,0,2024
Central Water Catchment,Central Water Catchment,>60 to 80,0,2024
Central Water Catchment,Central Water Catchment,>80 to 100,0,2024
Central Water Catchment,Central Water Catchment,>100 to 120,0,2024
Central Water Catchment,Central Water Catchment,>120,0,2024
Central Water Catchment,Central Water Catchment,Not Available,0,2024
Changi,Changi Airport,<=60,0,2024
Changi,Changi Airport,>60 to 80,0,2024
Changi,Changi Airport,>80 to 100,0,2024
Changi,Changi Airport,>100 to 120,0,2024
Changi,Changi Airport,>120,0,2024
Changi,Changi Airport,Not Available,0,2024
Changi,Changi Point,<=60,40,2024
Changi,Changi Point,>60 to 80,160,2024
Changi,Changi Point,>80 to 100,0,2024
Changi,Changi Point,>100 to 120,10,2024
Changi,Changi Point,>120,70,2024
Changi,Changi Point,Not Available,70,2024
Changi,Changi West,<=60,40,2024
Changi,Changi West,>60 to 80,0,2024
Changi,Changi West,>80 to 100,0,2024
Changi,Changi West,>100 to 120,0,2024
Changi,Changi West,>120,70,2024
Changi,Changi West,Not Available,0,2024
Changi Bay,Changi Bay,<=60,0,2024
Changi Bay,Changi Bay,>60 to 80,0,2024
Changi Bay,Changi Bay,>80 to 100,0,2024
Changi Bay,Changi Bay,>100 to 120,0,2024
Changi Bay,Changi Bay,>120,0,2024
Changi Bay,Changi Bay,Not Available,0,2024
Choa Chu Kang,Choa Chu Kang Central,<=60,0,2024
Choa Chu Kang,Choa Chu Kang Central,>60 to 80,80,2024
Choa Chu Kang,Choa Chu Kang Central,>80 to 100,540,2024
Choa Chu Kang,Choa Chu Kang Central,>100 to 120,4140,2024
Choa Chu Kang,Choa Chu Kang Central,>120,2120,2024
Choa Chu Kang,Choa Chu Kang Central,Not Available,10,2024
Choa Chu Kang,Choa Chu Kang North,<=60,690,2024
Choa Chu Kang,Choa Chu Kang North,>60 to 80,180,2024
Choa Chu Kang,Choa Chu Kang North,>80 to 100,190,2024
Choa Chu Kang,Choa Chu Kang North,>100 to 120,2880,2024
Choa Chu Kang,Choa Chu Kang North,>120,5070,2024
Choa Chu Kang,Choa Chu Kang North,Not Available,0,2024
Choa Chu Kang,Keat Hong,<=60,970,2024
Choa Chu Kang,Keat Hong,>60 to 80,940,2024
Choa Chu Kang,Keat Hong,>80 to 100,3890,2024
Choa Chu Kang,Keat Hong,>100 to 120,4860,2024
Choa Chu Kang,Keat Hong,>120,1510,2024
Choa Chu Kang,Keat Hong,Not Available,20,2024
Choa Chu Kang,Peng Siang,<=60,270,2024
Choa Chu Kang,Peng Siang,>60 to 80,260,2024
Choa Chu Kang,Peng Siang,>80 to 100,1950,2024
Choa Chu Kang,Peng Siang,>100 to 120,5470,2024
Choa Chu Kang,Peng Siang,>120,2200,2024
Choa Chu Kang,Peng Siang,Not Available,0,2024
Choa Chu Kang,Teck Whye,<=60,1300,2024
Choa Chu Kang,Teck Whye,>60 to 80,1510,2024
Choa Chu Kang,Teck Whye,>80 to 100,1600,2024
Choa Chu Kang,Teck Whye,>100 to 120,2260,2024
Choa Chu Kang,Teck Whye,>120,1830,2024
Choa Chu Kang,Teck Whye,Not Available,40,2024
Choa Chu Kang,Yew Tee,<=60,0,2024
Choa Chu Kang,Yew Tee,>60 to 80,10,2024
Choa Chu Kang,Yew Tee,>80 to 100,2240,2024
Choa Chu Kang,Yew Tee,>100 to 120,5830,2024
Choa Chu Kang,Yew Tee,>120,3990,2024
Choa Chu Kang,Yew Tee,Not Available,0,2024
Clementi,Clementi Central,<=60,50,2024
Clementi,Clementi Central,>60 to 80,1640,2024
Clementi,Clementi Central,>80 to 100,2620,2024
Clementi,Clementi Central,>100 to 120,710,2024
Clementi,Clementi Central,>120,680,2024
Clementi,Clementi Central,Not Available,190,2024
Clementi,Clementi North,<=60,690,2024
Clementi,Clementi North,>60 to 80,4830,2024
Clementi,Clementi North,>80 to 100,4940,2024
Clementi,Clementi North,>100 to 120,1400,2024
Clementi,Clementi North,>120,650,2024
Clementi,Clementi North,Not Available,120,2024
Clementi,Clementi West,<=60,210,2024
Clementi,Clementi West,>60 to 80,3130,2024
Clementi,Clementi West,>80 to 100,2430,2024
Clementi,Clementi West,>100 to 120,1210,2024
Clementi,Clementi West,>120,450,2024
Clementi,Clementi West,Not Available,100,2024
Clementi,Clementi Woods,<=60,880,2024
Clementi,Clementi Woods,>60 to 80,1910,2024
Clementi,Clementi Woods,>80 to 100,2510,2024
Clementi,Clementi Woods,>100 to 120,1340,2024
Clementi,Clementi Woods,>120,1400,2024
Clementi,Clementi Woods,Not Available,10,2024
Clementi,Faber,<=60,310,2024
Clementi,Faber,>60 to 80,730,2024
Clementi,Faber,>80 to 100,840,2024
Clementi,Faber,>100 to 120,640,2024
Clementi,Faber,>120,980,2024
Clementi,Faber,Not Available,30,2024
Clementi,Pandan,<=60,0,2024
Clementi,Pandan,>60 to 80,0,2024
Clementi,Pandan,>80 to 100,0,2024
Clementi,Pandan,>100 to 120,0,2024
Clementi,Pandan,>120,0,2024
Clementi,Pandan,Not Available,0,2024
Clementi,Sunset Way,<=60,0,2024
Clementi,Sunset Way,>60 to 80,70,2024
Clementi,Sunset Way,>80 to 100,140,2024
Clementi,Sunset Way,>100 to 120,430,2024
Clementi,Sunset Way,>120,1400,2024
Clementi,Sunset Way,Not Available,30,2024
Clementi,Toh Tuck,<=60,0,2024
Clementi,Toh Tuck,>60 to 80,0,2024
Clementi,Toh Tuck,>80 to 100,0,2024
Clementi,Toh Tuck,>100 to 120,0,2024
Clementi,Toh Tuck,>120,0,2024
Clementi,Toh Tuck,Not Available,0,2024
Clementi,West Coast,<=60,760,2024
Clementi,West Coast,>60 to 80,520,2024
Clementi,West Coast,>80 to 100,700,2024
Clementi,West Coast,>100 to 120,970,2024
Clementi,West Coast,>120,1540,2024
Clementi,West Coast,Not Available,0,2024
Downtown Core,Anson,<=60,130,2024
Downtown Core,Anson,>60 to 80,0,2024
Downtown Core,Anson,>80 to 100,70,2024
Downtown Core,Anson,>100 to 120,0,2024
Downtown Core,Anson,>120,0,2024
Downtown Core,Anson,Not Available,30,2024
Downtown Core,Bayfront Subzone,<=60,0,2024
Downtown Core,Bayfront Subzone,>60 to 80,0,2024
Downtown Core,Bayfront Subzone,>80 to 100,0,2024
Downtown Core,Bayfront Subzone,>100 to 120,0,2024
Downtown Core,Bayfront Subzone,>120,0,2024
Downtown Core,Bayfront Subzone,Not Available,0,2024
Downtown Core,Bugis,<=60,560,2024
Downtown Core,Bugis,>60 to 80,340,2024
Downtown Core,Bugis,>80 to 100,400,2024
Downtown Core,Bugis,>100 to 120,40,2024
Downtown Core,Bugis,>120,110,2024
Downtown Core,Bugis,Not Available,150,2024
Downtown Core,Cecil,<=60,560,2024
Downtown Core,Cecil,>60 to 80,220,2024
Downtown Core,Cecil,>80 to 100,170,2024
Downtown Core,Cecil,>100 to 120,180,2024
Downtown Core,Cecil,>120,200,2024
Downtown Core,Cecil,Not Available,0,2024
Downtown Core,Central Subzone,<=60,170,2024
Downtown Core,Central Subzone,>60 to 80,950,2024
Downtown Core,Central Subzone,>80 to 100,460,2024
Downtown Core,Central Subzone,>100 to 120,430,2024
Downtown Core,Central Subzone,>120,780,2024
Downtown Core,Central Subzone,Not Available,0,2024
Downtown Core,City Hall,<=60,140,2024
Downtown Core,City Hall,>60 to 80,100,2024
Downtown Core,City Hall,>80 to 100,30,2024
Downtown Core,City Hall,>100 to 120,60,2024
Downtown Core,City Hall,>120,180,2024
Downtown Core,City Hall,Not Available,10,2024
Downtown Core,Clifford Pier,<=60,0,2024
Downtown Core,Clifford Pier,>60 to 80,0,2024
Downtown Core,Clifford Pier,>80 to 100,0,2024
Downtown Core,Clifford Pier,>100 to 120,0,2024
Downtown Core,Clifford Pier,>120,0,2024
Downtown Core,Clifford Pier,Not Available,0,2024
Downtown Core,Marina Centre,<=60,0,2024
Downtown Core,Marina Centre,>60 to 80,0,2024
Downtown Core,Marina Centre,>80 to 100,0,2024
Downtown Core,Marina Centre,>100 to 120,0,2024
Downtown Core,Marina Centre,>120,0,2024
Downtown Core,Marina Centre,Not Available,0,2024
Downtown Core,Maxwell,<=60,0,2024
Downtown Core,Maxwell,>60 to 80,0,2024
Downtown Core,Maxwell,>80 to 100,0,2024
Downtown Core,Maxwell,>100 to 120,0,2024
Downtown Core,Maxwell,>120,0,2024
Downtown Core,Maxwell,Not Available,0,2024
Downtown Core,Nicoll,<=60,20,2024
Downtown Core,Nicoll,>60 to 80,210,2024
Downtown Core,Nicoll,>80 to 100,40,2024
Downtown Core,Nicoll,>100 to 120,110,2024
Downtown Core,Nicoll,>120,120,2024
Downtown Core,Nicoll,Not Available,0,2024
Downtown Core,Phillip,<=60,0,2024
Downtown Core,Phillip,>60 to 80,0,2024
Downtown Core,Phillip,>80 to 100,0,2024
Downtown Core,Phillip,>100 to 120,0,2024
Downtown Core,Phillip,>120,0,2024
Downtown Core,Phillip,Not Available,0,2024
Downtown Core,Raffles Place,<=60,0,2024
Downtown Core,Raffles Place,>60 to 80,0,2024
Downtown Core,Raffles Place,>80 to 100,0,2024
Downtown Core,Raffles Place,>100 to 120,0,2024
Downtown Core,Raffles Place,>120,0,2024
Downtown Core,Raffles Place,Not Available,0,2024
Downtown Core,Tanjong Pagar,<=60,710,2024
Downtown Core,Tanjong Pagar,>60 to 80,490,2024
Downtown Core,Tanjong Pagar,>80 to 100,410,2024
Downtown Core,Tanjong Pagar,>100 to 120,150,2024
Downtown Core,Tanjong Pagar,>120,220,2024
Downtown Core,Tanjong Pagar,Not Available,0,2024
Geylang,Aljunied,<=60,5450,2024
Geylang,Aljunied,>60 to 80,4490,2024
Geylang,Aljunied,>80 to 100,4520,2024
Geylang,Aljunied,>100 to 120,4580,2024
Geylang,Aljunied,>120,2670,2024
Geylang,Aljunied,Not Available,1110,2024
Geylang,Geylang East,<=60,3650,2024
Geylang,Geylang East,>60 to 80,2350,2024
Geylang,Geylang East,>80 to 100,3740,2024
Geylang,Geylang East,>100 to 120,1990,2024
Geylang,Geylang East,>120,2650,2024
Geylang,Geylang East,Not Available,470,2024
Geylang,Kallang Way,<=60,0,2024
Geylang,Kallang Way,>60 to 80,0,2024
Geylang,Kallang Way,>80 to 100,0,2024
Geylang,Kallang Way,>100 to 120,0,2024
Geylang,Kallang Way,>120,0,2024
Geylang,Kallang Way,Not Available,0,2024
Geylang,Kampong Ubi,<=60,120,2024
Geylang,Kampong Ubi,>60 to 80,450,2024
Geylang,Kampong Ubi,>80 to 100,2710,2024
Geylang,Kampong Ubi,>100 to 120,930,2024
Geylang,Kampong Ubi,>120,530,2024
Geylang,Kampong Ubi,Not Available,80,2024
Geylang,Macpherson,<=60,5550,2024
Geylang,Macpherson,>60 to 80,2100,2024
Geylang,Macpherson,>80 to 100,2120,2024
Geylang,Macpherson,>100 to 120,1010,2024
Geylang,Macpherson,>120,1240,2024
Geylang,Macpherson,Not Available,210,2024
Hougang,Defu Industrial Park,<=60,0,2024
Hougang,Defu Industrial Park,>60 to 80,0,2024
Hougang,Defu Industrial Park,>80 to 100,0,2024
Hougang,Defu Industrial Park,>100 to 120,0,2024
Hougang,Defu Industrial Park,>120,0,2024
Hougang,Defu Industrial Park,Not Available,0,2024
Hougang,Hougang Central,<=60,100,2024
Hougang,Hougang Central,>60 to 80,120,2024
Hougang,Hougang Central,>80 to 100,150,2024
Hougang,Hougang Central,>100 to 120,500,2024
Hougang,Hougang Central,>120,720,2024
Hougang,Hougang Central,Not Available,50,2024
Hougang,Hougang East,<=60,80,2024
Hougang,Hougang East,>60 to 80,700,2024
Hougang,Hougang East,>80 to 100,2150,2024
Hougang,Hougang East,>100 to 120,3400,2024
Hougang,Hougang East,>120,1660,2024
Hougang,Hougang East,Not Available,10,2024
Hougang,Hougang West,<=60,600,2024
Hougang,Hougang West,>60 to 80,2720,2024
Hougang,Hougang West,>80 to 100,4130,2024
Hougang,Hougang West,>100 to 120,4580,2024
Hougang,Hougang West,>120,2780,2024
Hougang,Hougang West,Not Available,110,2024
Hougang,Kangkar,<=60,2350,2024
Hougang,Kangkar,>60 to 80,2680,2024
Hougang,Kangkar,>80 to 100,3820,2024
Hougang,Kangkar,>100 to 120,2650,2024
Hougang,Kangkar,>120,2140,2024
Hougang,Kangkar,Not Available,80,2024
Hougang,Kovan,<=60,1030,2024
Hougang,Kovan,>60 to 80,940,2024
Hougang,Kovan,>80 to 100,1890,2024
Hougang,Kovan,>100 to 120,1500,2024
Hougang,Kovan,>120,4730,2024
Hougang,Kovan,Not Available,110,2024
Hougang,Lorong Ah Soo,<=60,550,2024
Hougang,Lorong Ah Soo,>60 to 80,3240,2024
Hougang,Lorong Ah Soo,>80 to 100,2620,2024
Hougang,Lorong Ah Soo,>100 to 120,2460,2024
Hougang,Lorong Ah Soo,>120,3280,2024
Hougang,Lorong Ah Soo,Not Available,210,2024
Hougang,Lorong Halus,<=60,0,2024
Hougang,Lorong Halus,>60 to 80,0,2024
Hougang,Lorong Halus,>80 to 100,0,2024
Hougang,Lorong Halus,>100 to 120,0,2024
Hougang,Lorong Halus,>120,0,2024
Hougang,Lorong Halus,Not Available,0,2024
Hougang,Tai Seng,<=60,810,2024
Hougang,Tai Seng,>60 to 80,240,2024
Hougang,Tai Seng,>80 to 100,310,2024
Hougang,Tai Seng,>100 to 120,1350,2024
Hougang,Tai Seng,>120,1660,2024
Hougang,Tai Seng,Not Available,10,2024
Hougang,Trafalgar,<=60,2420,2024
Hougang,Trafalgar,>60 to 80,790,2024
Hougang,Trafalgar,>80 to 100,5480,2024
Hougang,Trafalgar,>100 to 120,4830,2024
Hougang,Trafalgar,>120,2400,2024
Hougang,Trafalgar,Not Available,0,2024
Jurong East,International Business Park,<=60,0,2024
Jurong East,International Business Park,>60 to 80,0,2024
Jurong East,International Business Park,>80 to 100,0,2024
Jurong East,International Business Park,>100 to 120,0,2024
Jurong East,International Business Park,>120,0,2024
Jurong East,International Business Park,Not Available,0,2024
Jurong East,Jurong Gateway,<=60,290,2024
Jurong East,Jurong Gateway,>60 to 80,210,2024
Jurong East,Jurong Gateway,>80 to 100,180,2024
Jurong East,Jurong Gateway,>100 to 120,40,2024
Jurong East,Jurong Gateway,>120,10,2024
Jurong East,Jurong Gateway,Not Available,30,2024
Jurong East,Jurong Port,<=60,0,2024
Jurong East,Jurong Port,>60 to 80,0,2024
Jurong East,Jurong Port,>80 to 100,0,2024
Jurong East,Jurong Port,>100 to 120,0,2024
Jurong East,Jurong Port,>120,0,2024
Jurong East,Jurong Port,Not Available,0,2024
Jurong East,Jurong River,<=60,0,2024
Jurong East,Jurong River,>60 to 80,0,2024
Jurong East,Jurong River,>80 to 100,0,2024
Jurong East,Jurong River,>100 to 120,0,2024
Jurong East,Jurong River,>120,0,2024
Jurong East,Jurong River,Not Available,0,2024
Jurong East,Lakeside (Business),<=60,0,2024
Jurong East,Lakeside (Business),>60 to 80,0,2024
Jurong East,Lakeside (Business),>80 to 100,0,2024
Jurong East,Lakeside (Business),>100 to 120,0,2024
Jurong East,Lakeside (Business),>120,0,2024
Jurong East,Lakeside (Business),Not Available,0,2024
Jurong East,Lakeside (Leisure),<=60,0,2024
Jurong East,Lakeside (Leisure),>60 to 80,0,2024
Jurong East,Lakeside (Leisure),>80 to 100,0,2024
Jurong East,Lakeside (Leisure),>100 to 120,0,2024
Jurong East,Lakeside (Leisure),>120,140,2024
Jurong East,Lakeside (Leisure),Not Available,0,2024
Jurong East,Penjuru Crescent,<=60,0,2024
Jurong East,Penjuru Crescent,>60 to 80,0,2024
Jurong East,Penjuru Crescent,>80 to 100,0,2024
Jurong East,Penjuru Crescent,>100 to 120,0,2024
Jurong East,Penjuru Crescent,>120,0,2024
Jurong East,Penjuru Crescent,Not Available,0,2024
Jurong East,Teban Gardens,<=60,90,2024
Jurong East,Teban Gardens,>60 to 80,1830,2024
Jurong East,Teban Gardens,>80 to 100,2690,2024
Jurong East,Teban Gardens,>100 to 120,1230,2024
Jurong East,Teban Gardens,>120,420,2024
Jurong East,Teban Gardens,Not Available,10,2024
Jurong East,Toh Guan,<=60,0,2024
Jurong East,Toh Guan,>60 to 80,270,2024
Jurong East,Toh Guan,>80 to 100,920,2024
Jurong East,Toh Guan,>100 to 120,1310,2024
Jurong East,Toh Guan,>120,2100,2024
Jurong East,Toh Guan,Not Available,10,2024
Jurong East,Yuhua East,<=60,160,2024
Jurong East,Yuhua East,>60 to 80,2840,2024
Jurong East,Yuhua East,>80 to 100,2530,2024
Jurong East,Yuhua East,>100 to 120,1670,2024
Jurong East,Yuhua East,>120,1490,2024
Jurong East,Yuhua East,Not Available,140,2024
Jurong East,Yuhua West,<=60,850,2024
Jurong East,Yuhua West,>60 to 80,1410,2024
Jurong East,Yuhua West,>80 to 100,550,2024
Jurong East,Yuhua West,>100 to 120,1990,2024
Jurong East,Yuhua West,>120,2120,2024
Jurong East,Yuhua West,Not Available,80,2024
Jurong West,Boon Lay Place,<=60,3490,2024
Jurong West,Boon Lay Place,>60 to 80,3110,2024
Jurong West,Boon Lay Place,>80 to 100,1380,2024
Jurong West,Boon Lay Place,>100 to 120,2040,2024
Jurong West,Boon Lay Place,>120,830,2024
Jurong West,Boon Lay Place,Not Available,0,2024
Jurong West,Chin Bee,<=60,0,2024
Jurong West,Chin Bee,>60 to 80,0,2024
Jurong West,Chin Bee,>80 to 100,0,2024
Jurong West,Chin Bee,>100 to 120,0,2024
Jurong West,Chin Bee,>120,0,2024
Jurong West,Chin Bee,Not Available,0,2024
Jurong West,Hong Kah,<=60,850,2024
Jurong West,Hong Kah,>60 to 80,4690,2024
Jurong West,Hong Kah,>80 to 100,3470,2024
Jurong West,Hong Kah,>100 to 120,6490,2024
Jurong West,Hong Kah,>120,3140,2024
Jurong West,Hong Kah,Not Available,210,2024
Jurong West,Jurong West Central,<=60,30,2024
Jurong West,Jurong West Central,>60 to 80,290,2024
Jurong West,Jurong West Central,>80 to 100,7210,2024
Jurong West,Jurong West Central,>100 to 120,9090,2024
Jurong West,Jurong West Central,>120,3050,2024
Jurong West,Jurong West Central,Not Available,0,2024
Jurong West,Kian Teck,<=60,0,2024
Jurong West,Kian Teck,>60 to 80,0,2024
Jurong West,Kian Teck,>80 to 100,0,2024
Jurong West,Kian Teck,>100 to 120,0,2024
Jurong West,Kian Teck,>120,0,2024
Jurong West,Kian Teck,Not Available,0,2024
Jurong West,Safti,<=60,0,2024
Jurong West,Safti,>60 to 80,0,2024
Jurong West,Safti,>80 to 100,0,2024
Jurong West,Safti,>100 to 120,0,2024
Jurong West,Safti,>120,0,2024
Jurong West,Safti,Not Available,0,2024
Jurong West,Taman Jurong,<=60,1310,2024
Jurong West,Taman Jurong,>60 to 80,2520,2024
Jurong West,Taman Jurong,>80 to 100,2720,2024
Jurong West,Taman Jurong,>100 to 120,4190,2024
Jurong West,Taman Jurong,>120,3160,2024
Jurong West,Taman Jurong,Not Available,0,2024
Jurong West,Wenya,<=60,0,2024
Jurong West,Wenya,>60 to 80,0,2024
Jurong West,Wenya,>80 to 100,910,2024
Jurong West,Wenya,>100 to 120,1210,2024
Jurong West,Wenya,>120,250,2024
Jurong West,Wenya,Not Available,0,2024
Jurong West,Yunnan,<=60,990,2024
Jurong West,Yunnan,>60 to 80,920,2024
Jurong West,Yunnan,>80 to 100,980,2024
Jurong West,Yunnan,>100 to 120,9410,2024
Jurong West,Yunnan,>120,7660,2024
Jurong West,Yunnan,Not Available,30,2024
Kallang,Bendemeer,<=60,2350,2024
Kallang,Bendemeer,>60 to 80,4200,2024
Kallang,Bendemeer,>80 to 100,4720,2024
Kallang,Bendemeer,>100 to 120,3000,2024
Kallang,Bendemeer,>120,1490,2024
Kallang,Bendemeer,Not Available,270,2024
Kallang,Boon Keng,<=60,460,2024
Kallang,Boon Keng,>60 to 80,1130,2024
Kallang,Boon Keng,>80 to 100,2020,2024
Kallang,Boon Keng,>100 to 120,870,2024
Kallang,Boon Keng,>120,170,2024
Kallang,Boon Keng,Not Available,50,2024
Kallang,Crawford,<=60,3050,2024
Kallang,Crawford,>60 to 80,870,2024
Kallang,Crawford,>80 to 100,380,2024
Kallang,Crawford,>100 to 120,120,2024
Kallang,Crawford,>120,140,2024
Kallang,Crawford,Not Available,100,2024
Kallang,Geylang Bahru,<=60,1020,2024
Kallang,Geylang Bahru,>60 to 80,2200,2024
Kallang,Geylang Bahru,>80 to 100,390,2024
Kallang,Geylang Bahru,>100 to 120,600,2024
Kallang,Geylang Bahru,>120,150,2024
Kallang,Geylang Bahru,Not Available,70,2024
Kallang,Kallang Bahru,<=60,0,2024
Kallang,Kallang Bahru,>60 to 80,0,2024
Kallang,Kallang Bahru,>80 to 100,0,2024
Kallang,Kallang Bahru,>100 to 120,0,2024
Kallang,Kallang Bahru,>120,0,2024
Kallang,Kallang Bahru,Not Available,0,2024
Kallang,Kampong Bugis,<=60,70,2024
Kallang,Kampong Bugis,>60 to 80,100,2024
Kallang,Kampong Bugis,>80 to 100,290,2024
Kallang,Kampong Bugis,>100 to 120,240,2024
Kallang,Kampong Bugis,>120,130,2024
Kallang,Kampong Bugis,Not Available,10,2024
Kallang,Kampong Java,<=60,650,2024
Kallang,Kampong Java,>60 to 80,970,2024
Kallang,Kampong Java,>80 to 100,1550,2024
Kallang,Kampong Java,>100 to 120,1130,2024
Kallang,Kampong Java,>120,570,2024
Kallang,Kampong Java,Not Available,310,2024
Kallang,Lavender,<=60,2140,2024
Kallang,Lavender,>60 to 80,820,2024
Kallang,Lavender,>80 to 100,720,2024
Kallang,Lavender,>100 to 120,1380,2024
Kallang,Lavender,>120,610,2024
Kallang,Lavender,Not Available,410,2024
Kallang,Tanjong Rhu,<=60,960,2024
Kallang,Tanjong Rhu,>60 to 80,400,2024
Kallang,Tanjong Rhu,>80 to 100,380,2024
Kallang,Tanjong Rhu,>100 to 120,830,2024
Kallang,Tanjong Rhu,>120,2940,2024
Kallang,Tanjong Rhu,Not Available,20,2024
Lim Chu Kang,Lim Chu Kang,<=60,0,2024
Lim Chu Kang,Lim Chu Kang,>60 to 80,0,2024
Lim Chu Kang,Lim Chu Kang,>80 to 100,0,2024
Lim Chu Kang,Lim Chu Kang,>100 to 120,0,2024
Lim Chu Kang,Lim Chu Kang,>120,0,2024
Lim Chu Kang,Lim Chu Kang,Not Available,0,2024
Mandai,Mandai East,<=60,0,2024
Mandai,Mandai East,>60 to 80,0,2024
Mandai,Mandai East,>80 to 100,0,2024
Mandai,Mandai East,>100 to 120,0,2024
Mandai,Mandai East,>120,0,2024
Mandai,Mandai East,Not Available,0,2024
Mandai,Mandai Estate,<=60,0,2024
Mandai,Mandai Estate,>60 to 80,10,2024
Mandai,Mandai Estate,>80 to 100,80,2024
Mandai,Mandai Estate,>100 to 120,140,2024
Mandai,Mandai Estate,>120,420,2024
Mandai,Mandai Estate,Not Available,50,2024
Mandai,Mandai West,<=60,0,2024
Mandai,Mandai West,>60 to 80,0,2024
Mandai,Mandai West,>80 to 100,0,2024
Mandai,Mandai West,>100 to 120,0,2024
Mandai,Mandai West,>120,0,2024
Mandai,Mandai West,Not Available,0,2024
Marina East,Marina East,<=60,0,2024
Marina East,Marina East,>60 to 80,0,2024
Marina East,Marina East,>80 to 100,0,2024
Marina East,Marina East,>100 to 120,0,2024
Marina East,Marina East,>120,0,2024
Marina East,Marina East,Not Available,0,2024
Marina South,Marina South,<=60,0,2024
Marina South,Marina South,>60 to 80,0,2024
Marina South,Marina South,>80 to 100,0,2024
Marina South,Marina South,>100 to 120,0,2024
Marina South,Marina South,>120,0,2024
Marina South,Marina South,Not Available,0,2024
Marine Parade,East Coast,<=60,0,2024
Marine Parade,East Coast,>60 to 80,0,2024
Marine Parade,East Coast,>80 to 100,0,2024
Marine Parade,East Coast,>100 to 120,0,2024
Marine Parade,East Coast,>120,0,2024
Marine Parade,East Coast,Not Available,0,2024
Marine Parade,Katong,<=60,500,2024
Marine Parade,Katong,>60 to 80,340,2024
Marine Parade,Katong,>80 to 100,540,2024
Marine Parade,Katong,>100 to 120,500,2024
Marine Parade,Katong,>120,2180,2024
Marine Parade,Katong,Not Available,290,2024
Marine Parade,Marina East (Mp),<=60,0,2024
Marine Parade,Marina East (Mp),>60 to 80,0,2024
Marine Parade,Marina East (Mp),>80 to 100,0,2024
Marine Parade,Marina East (Mp),>100 to 120,0,2024
Marine Parade,Marina East (Mp),>120,0,2024
Marine Parade,Marina East (Mp),Not Available,0,2024
Marine Parade,Marine Parade,<=60,2080,2024
Marine Parade,Marine Parade,>60 to 80,3400,2024
Marine Parade,Marine Parade,>80 to 100,2450,2024
Marine Parade,Marine Parade,>100 to 120,2020,2024
Marine Parade,Marine Parade,>120,3280,2024
Marine Parade,Marine Parade,Not Available,190,2024
Marine Parade,Mountbatten,<=60,110,2024
Marine Parade,Mountbatten,>60 to 80,50,2024
Marine Parade,Mountbatten,>80 to 100,420,2024
Marine Parade,Mountbatten,>100 to 120,420,2024
Marine Parade,Mountbatten,>120,3350,2024
Marine Parade,Mountbatten,Not Available,90,2024
Museum,Bras Basah,<=60,0,2024
Museum,Bras Basah,>60 to 80,0,2024
Museum,Bras Basah,>80 to 100,0,2024
Museum,Bras Basah,>100 to 120,0,2024
Museum,Bras Basah,>120,0,2024
Museum,Bras Basah,Not Available,0,2024
Museum,Dhoby Ghaut,<=60,300,2024
Museum,Dhoby Ghaut,>60 to 80,220,2024
Museum,Dhoby Ghaut,>80 to 100,210,2024
Museum,Dhoby Ghaut,>100 to 120,100,2024
Museum,Dhoby Ghaut,>120,50,2024
Museum,Dhoby Ghaut,Not Available,90,2024
Museum,Fort Canning,<=60,0,2024
Museum,Fort Canning,>60 to 80,0,2024
Museum,Fort Canning,>80 to 100,30,2024
Museum,Fort Canning,>100 to 120,0,2024
Museum,Fort Canning,>120,160,2024
Museum,Fort Canning,Not Available,10,2024
Newton,Cairnhill,<=60,240,2024
Newton,Cairnhill,>60 to 80,340,2024
Newton,Cairnhill,>80 to 100,380,2024
Newton,Cairnhill,>100 to 120,370,2024
Newton,Cairnhill,>120,2420,2024
Newton,Cairnhill,Not Available,80,2024
Newton,Goodwood Park,<=60,30,2024
Newton,Goodwood Park,>60 to 80,140,2024
Newton,Goodwood Park,>80 to 100,80,2024
Newton,Goodwood Park,>100 to 120,110,2024
Newton,Goodwood Park,>120,570,2024
Newton,Goodwood Park,Not Available,0,2024
Newton,Istana Negara,<=60,0,2024
Newton,Istana Negara,>60 to 80,0,2024
Newton,Istana Negara,>80 to 100,0,2024
Newton,Istana Negara,>100 to 120,0,2024
Newton,Istana Negara,>120,0,2024
Newton,Istana Negara,Not Available,0,2024
Newton,Monk's Hill,<=60,40,2024
Newton,Monk's Hill,>60 to 80,80,2024
Newton,Monk's Hill,>80 to 100,60,2024
Newton,Monk's Hill,>100 to 120,100,2024
Newton,Monk's Hill,>120,400,2024
Newton,Monk's Hill,Not Available,70,2024
Newton,Newton Circus,<=60,0,2024
Newton,Newton Circus,>60 to 80,0,2024
Newton,Newton Circus,>80 to 100,0,2024
Newton,Newton Circus,>100 to 120,50,2024
Newton,Newton Circus,>120,190,2024
Newton,Newton Circus,Not Available,10,2024
Newton,Orange Grove,<=60,0,2024
Newton,Orange Grove,>60 to 80,140,2024
Newton,Orange Grove,>80 to 100,10,2024
Newton,Orange Grove,>100 to 120,100,2024
Newton,Orange Grove,>120,1560,2024
Newton,Orange Grove,Not Available,0,2024
North-Eastern Islands,North-Eastern Islands,<=60,0,2024
North-Eastern Islands,North-Eastern Islands,>60 to 80,0,2024
North-Eastern Islands,North-Eastern Islands,>80 to 100,0,2024
North-Eastern Islands,North-Eastern Islands,>100 to 120,0,2024
North-Eastern Islands,North-Eastern Islands,>120,0,2024
North-Eastern Islands,North-Eastern Islands,Not Available,0,2024
Novena,Balestier,<=60,3260,2024
Novena,Balestier,>60 to 80,3200,2024
Novena,Balestier,>80 to 100,3180,2024
Novena,Balestier,>100 to 120,2450,2024
Novena,Balestier,>120,3220,2024
Novena,Balestier,Not Available,670,2024
Novena,Dunearn,<=60,0,2024
Novena,Dunearn,>60 to 80,10,2024
Novena,Dunearn,>80 to 100,40,2024
Novena,Dunearn,>100 to 120,30,2024
Novena,Dunearn,>120,1400,2024
Novena,Dunearn,Not Available,10,2024
Novena,Malcolm,<=60,30,2024
Novena,Malcolm,>60 to 80,30,2024
Novena,Malcolm,>80 to 100,70,2024
Novena,Malcolm,>100 to 120,30,2024
Novena,Malcolm,>120,1020,2024
Novena,Malcolm,Not Available,20,2024
Novena,Moulmein,<=60,880,2024
Novena,Moulmein,>60 to 80,750,2024
Novena,Moulmein,>80 to 100,1460,2024
Novena,Moulmein,>100 to 120,1170,2024
Novena,Moulmein,>120,2700,2024
Novena,Moulmein,Not Available,360,2024
Novena,Mount Pleasant,<=60,0,2024
Novena,Mount Pleasant,>60 to 80,0,2024
Novena,Mount Pleasant,>80 to 100,0,2024
Novena,Mount Pleasant,>100 to 120,0,2024
Novena,Mount Pleasant,>120,240,2024
Novena,Mount Pleasant,Not Available,0,2024
Orchard,Boulevard,<=60,170,2024
Orchard,Boulevard,>60 to 80,60,2024
Orchard,Boulevard,>80 to 100,90,2024
Orchard,Boulevard,>100 to 120,100,2024
Orchard,Boulevard,>120,290,2024
Orchard,Boulevard,Not Available,0,2024
Orchard,Somerset,<=60,40,2024
Orchard,Somerset,>60 to 80,130,2024
Orchard,Somerset,>80 to 100,100,2024
Orchard,Somerset,>100 to 120,30,2024
Orchard,Somerset,>120,40,2024
Orchard,Somerset,Not Available,0,2024
Orchard,Tanglin,<=60,0,2024
Orchard,Tanglin,>60 to 80,100,2024
Orchard,Tanglin,>80 to 100,70,2024
Orchard,Tanglin,>100 to 120,60,2024
Orchard,Tanglin,>120,580,2024
Orchard,Tanglin,Not Available,0,2024
Outram,China Square,<=60,370,2024
Outram,China Square,>60 to 80,220,2024
Outram,China Square,>80 to 100,0,2024
Outram,China Square,>100 to 120,10,2024
Outram,China Square,>120,40,2024
Outram,China Square,Not Available,0,2024
Outram,Chinatown,<=60,1520,2024
Outram,Chinatown,>60 to 80,470,2024
Outram,Chinatown,>80 to 100,1840,2024
Outram,Chinatown,>100 to 120,730,2024
Outram,Chinatown,>120,70,2024
Outram,Chinatown,Not Available,70,2024
Outram,Pearl's Hill,<=60,2540,2024
Outram,Pearl's Hill,>60 to 80,560,2024
Outram,Pearl's Hill,>80 to 100,10,2024
Outram,Pearl's Hill,>100 to 120,10,2024
Outram,Pearl's Hill,>120,130,2024
Outram,Pearl's Hill,Not Available,80,2024
Outram,People's Park,<=60,90,2024
Outram,People's Park,>60 to 80,0,2024
Outram,People's Park,>80 to 100,0,2024
Outram,People's Park,>100 to 120,160,2024
Outram,People's Park,>120,30,2024
Outram,People's Park,Not Available,10,2024
Pasir Ris,Flora Drive,<=60,680,2024
Pasir Ris,Flora Drive,>60 to 80,890,2024
Pasir Ris,Flora Drive,>80 to 100,1550,2024
Pasir Ris,Flora Drive,>100 to 120,1070,2024
Pasir Ris,Flora Drive,>120,2670,2024
Pasir Ris,Flora Drive,Not Available,0,2024
Pasir Ris,Loyang East,<=60,0,2024
Pasir Ris,Loyang East,>60 to 80,0,2024
Pasir Ris,Loyang East,>80 to 100,40,2024
Pasir Ris,Loyang East,>100 to 120,0,2024
Pasir Ris,Loyang East,>120,680,2024
Pasir Ris,Loyang East,Not Available,0,2024
Pasir Ris,Loyang West,<=60,0,2024
Pasir Ris,Loyang West,>60 to 80,0,2024
Pasir Ris,Loyang West,>80 to 100,0,2024
Pasir Ris,Loyang West,>100 to 120,0,2024
Pasir Ris,Loyang West,>120,0,2024
Pasir Ris,Loyang West,Not Available,0,2024
Pasir Ris,Pasir Ris Central,<=60,630,2024
Pasir Ris,Pasir Ris Central,>60 to 80,1050,2024
Pasir Ris,Pasir Ris Central,>80 to 100,2020,2024
Pasir Ris,Pasir Ris Central,>100 to 120,2470,2024
Pasir Ris,Pasir Ris Central,>120,5100,2024
Pasir Ris,Pasir Ris Central,Not Available,0,2024
Pasir Ris,Pasir Ris Drive,<=60,430,2024
Pasir Ris,Pasir Ris Drive,>60 to 80,0,2024
Pasir Ris,Pasir Ris Drive,>80 to 100,240,2024
Pasir Ris,Pasir Ris Drive,>100 to 120,6710,2024
Pasir Ris,Pasir Ris Drive,>120,8180,2024
Pasir Ris,Pasir Ris Drive,Not Available,10,2024
Pasir Ris,Pasir Ris Park,<=60,390,2024
Pasir Ris,Pasir Ris Park,>60 to 80,450,2024
Pasir Ris,Pasir Ris Park,>80 to 100,660,2024
Pasir Ris,Pasir Ris Park,>100 to 120,910,2024
Pasir Ris,Pasir Ris Park,>120,880,2024
Pasir Ris,Pasir Ris Park,Not Available,0,2024
Pasir Ris,Pasir Ris Wafer Fab Park,<=60,0,2024
Pasir Ris,Pasir Ris Wafer Fab Park,>60 to 80,0,2024
Pasir Ris,Pasir Ris Wafer Fab Park,>80 to 100,0,2024
Pasir Ris,Pasir Ris Wafer Fab Park,>100 to 120,0,2024
Pasir Ris,Pasir Ris Wafer Fab Park,>120,0,2024
Pasir Ris,Pasir Ris Wafer Fab Park,Not Available,0,2024
Pasir Ris,Pasir Ris West,<=60,120,2024
Pasir Ris,Pasir Ris West,>60 to 80,230,2024
Pasir Ris,Pasir Ris West,>80 to 100,480,2024
Pasir Ris,Pasir Ris West,>100 to 120,3990,2024
Pasir Ris,Pasir Ris West,>120,5980,2024
Pasir Ris,Pasir Ris West,Not Available,0,2024
Paya Lebar,Airport Road,<=60,0,2024
Paya Lebar,Airport Road,>60 to 80,0,2024
Paya Lebar,Airport Road,>80 to 100,0,2024
Paya Lebar,Airport Road,>100 to 120,0,2024
Paya Lebar,Airport Road,>120,0,2024
Paya Lebar,Airport Road,Not Available,0,2024
Paya Lebar,Paya Lebar East,<=60,0,2024
Paya Lebar,Paya Lebar East,>60 to 80,0,2024
Paya Lebar,Paya Lebar East,>80 to 100,0,2024
Paya Lebar,Paya Lebar East,>100 to 120,0,2024
Paya Lebar,Paya Lebar East,>120,0,2024
Paya Lebar,Paya Lebar East,Not Available,0,2024
Paya Lebar,Paya Lebar North,<=60,0,2024
Paya Lebar,Paya Lebar North,>60 to 80,0,2024
Paya Lebar,Paya Lebar North,>80 to 100,0,2024
Paya Lebar,Paya Lebar North,>100 to 120,0,2024
Paya Lebar,Paya Lebar North,>120,0,2024
Paya Lebar,Paya Lebar North,Not Available,0,2024
Paya Lebar,Paya Lebar West,<=60,0,2024
Paya Lebar,Paya Lebar West,>60 to 80,0,2024
Paya Lebar,Paya Lebar West,>80 to 100,0,2024
Paya Lebar,Paya Lebar West,>100 to 120,0,2024
Paya Lebar,Paya Lebar West,>120,0,2024
Paya Lebar,Paya Lebar West,Not Available,0,2024
Paya Lebar,Plab,<=60,0,2024
Paya Lebar,Plab,>60 to 80,0,2024
Paya Lebar,Plab,>80 to 100,0,2024
Paya Lebar,Plab,>100 to 120,0,2024
Paya Lebar,Plab,>120,0,2024
Paya Lebar,Plab,Not Available,0,2024
Pioneer,Benoi Sector,<=60,0,2024
Pioneer,Benoi Sector,>60 to 80,0,2024
Pioneer,Benoi Sector,>80 to 100,0,2024
Pioneer,Benoi Sector,>100 to 120,0,2024
Pioneer,Benoi Sector,>120,0,2024
Pioneer,Benoi Sector,Not Available,0,2024
Pioneer,Gul Basin,<=60,0,2024
Pioneer,Gul Basin,>60 to 80,0,2024
Pioneer,Gul Basin,>80 to 100,0,2024
Pioneer,Gul Basin,>100 to 120,0,2024
Pioneer,Gul Basin,>120,0,2024
Pioneer,Gul Basin,Not Available,0,2024
Pioneer,Gul Circle,<=60,0,2024
Pioneer,Gul Circle,>60 to 80,0,2024
Pioneer,Gul Circle,>80 to 100,0,2024
Pioneer,Gul Circle,>100 to 120,0,2024
Pioneer,Gul Circle,>120,0,2024
Pioneer,Gul Circle,Not Available,0,2024
Pioneer,Joo Koon,<=60,0,2024
Pioneer,Joo Koon,>60 to 80,0,2024
Pioneer,Joo Koon,>80 to 100,0,2024
Pioneer,Joo Koon,>100 to 120,0,2024
Pioneer,Joo Koon,>120,0,2024
Pioneer,Joo Koon,Not Available,0,2024
Pioneer,Pioneer Sector,<=60,0,2024
Pioneer,Pioneer Sector,>60 to 80,0,2024
Pioneer,Pioneer Sector,>80 to 100,0,2024
Pioneer,Pioneer Sector,>100 to 120,0,2024
Pioneer,Pioneer Sector,>120,0,2024
Pioneer,Pioneer Sector,Not Available,0,2024
Punggol,Coney Island,<=60,0,2024
Punggol,Coney Island,>60 to 80,0,2024
Punggol,Coney Island,>80 to 100,0,2024
Punggol,Coney Island,>100 to 120,0,2024
Punggol,Coney Island,>120,0,2024
Punggol,Coney Island,Not Available,0,2024
Punggol,Matilda,<=60,2200,2024
Punggol,Matilda,>60 to 80,2400,2024
Punggol,Matilda,>80 to 100,7770,2024
Punggol,Matilda,>100 to 120,5350,2024
Punggol,Matilda,>120,610,2024
Punggol,Matilda,Not Available,0,2024
Punggol,Northshore,<=60,3500,2024
Punggol,Northshore,>60 to 80,940,2024
Punggol,Northshore,>80 to 100,3200,2024
Punggol,Northshore,>100 to 120,1650,2024
Punggol,Northshore,>120,220,2024
Punggol,Northshore,Not Available,0,2024
Punggol,Punggol Canal,<=60,0,2024
Punggol,Punggol Canal,>60 to 80,0,2024
Punggol,Punggol Canal,>80 to 100,0,2024
Punggol,Punggol Canal,>100 to 120,0,2024
Punggol,Punggol Canal,>120,0,2024
Punggol,Punggol Canal,Not Available,0,2024
Punggol,Punggol Field,<=60,460,2024
Punggol,Punggol Field,>60 to 80,320,2024
Punggol,Punggol Field,>80 to 100,4990,2024
Punggol,Punggol Field,>100 to 120,8440,2024
Punggol,Punggol Field,>120,1520,2024
Punggol,Punggol Field,Not Available,0,2024
Punggol,Punggol Town Centre,<=60,1280,2024
Punggol,Punggol Town Centre,>60 to 80,1550,2024
Punggol,Punggol Town Centre,>80 to 100,4050,2024
Punggol,Punggol Town Centre,>100 to 120,1570,2024
Punggol,Punggol Town Centre,>120,480,2024
Punggol,Punggol Town Centre,Not Available,0,2024
Punggol,Waterway East,<=60,2410,2024
Punggol,Waterway East,>60 to 80,2030,2024
Punggol,Waterway East,>80 to 100,9530,2024
Punggol,Waterway East,>100 to 120,4050,2024
Punggol,Waterway East,>120,480,2024
Punggol,Waterway East,Not Available,0,2024
Queenstown,Commonwealth,<=60,2600,2024
Queenstown,Commonwealth,>60 to 80,700,2024
Queenstown,Commonwealth,>80 to 100,0,2024
Queenstown,Commonwealth,>100 to 120,30,2024
Queenstown,Commonwealth,>120,50,2024
Queenstown,Commonwealth,Not Available,30,2024
Queenstown,Dover,<=60,180,2024
Queenstown,Dover,>60 to 80,930,2024
Queenstown,Dover,>80 to 100,1650,2024
Queenstown,Dover,>100 to 120,1030,2024
Queenstown,Dover,>120,660,2024
Queenstown,Dover,Not Available,0,2024
Queenstown,Ghim Moh,<=60,1020,2024
Queenstown,Ghim Moh,>60 to 80,2190,2024
Queenstown,Ghim Moh,>80 to 100,1600,2024
Queenstown,Ghim Moh,>100 to 120,530,2024
Queenstown,Ghim Moh,>120,120,2024
Queenstown,Ghim Moh,Not Available,50,2024
Queenstown,Holland Drive,<=60,950,2024
Queenstown,Holland Drive,>60 to 80,2250,2024
Queenstown,Holland Drive,>80 to 100,1190,2024
Queenstown,Holland Drive,>100 to 120,780,2024
Queenstown,Holland Drive,>120,330,2024
Queenstown,Holland Drive,Not Available,60,2024
Queenstown,Kent Ridge,<=60,580,2024
Queenstown,Kent Ridge,>60 to 80,560,2024
Queenstown,Kent Ridge,>80 to 100,410,2024
Queenstown,Kent Ridge,>100 to 120,140,2024
Queenstown,Kent Ridge,>120,210,2024
Queenstown,Kent Ridge,Not Available,0,2024
Queenstown,Margaret Drive,<=60,1580,2024
Queenstown,Margaret Drive,>60 to 80,2780,2024
Queenstown,Margaret Drive,>80 to 100,4280,2024
Queenstown,Margaret Drive,>100 to 120,1430,2024
Queenstown,Margaret Drive,>120,480,2024
Queenstown,Margaret Drive,Not Available,10,2024
Queenstown,Mei Chin,<=60,2230,2024
Queenstown,Mei Chin,>60 to 80,2020,2024
Queenstown,Mei Chin,>80 to 100,1050,2024
Queenstown,Mei Chin,>100 to 120,1180,2024
Queenstown,Mei Chin,>120,1420,2024
Queenstown,Mei Chin,Not Available,180,2024
Queenstown,National University Of S'pore,<=60,0,2024
Queenstown,National University Of S'pore,>60 to 80,0,2024
Queenstown,National University Of S'pore,>80 to 100,0,2024
Queenstown,National University Of S'pore,>100 to 120,0,2024
Queenstown,National University Of S'pore,>120,0,2024
Queenstown,National University Of S'pore,Not Available,0,2024
Queenstown,One North,<=60,150,2024
Queenstown,One North,>60 to 80,120,2024
Queenstown,One North,>80 to 100,180,2024
Queenstown,One North,>100 to 120,320,2024
Queenstown,One North,>120,370,2024
Queenstown,One North,Not Available,0,2024
Queenstown,Pasir Panjang 1,<=60,500,2024
Queenstown,Pasir Panjang 1,>60 to 80,220,2024
Queenstown,Pasir Panjang 1,>80 to 100,430,2024
Queenstown,Pasir Panjang 1,>100 to 120,450,2024
Queenstown,Pasir Panjang 1,>120,1220,2024
Queenstown,Pasir Panjang 1,Not Available,40,2024
Queenstown,Pasir Panjang 2,<=60,310,2024
Queenstown,Pasir Panjang 2,>60 to 80,170,2024
Queenstown,Pasir Panjang 2,>80 to 100,200,2024
Queenstown,Pasir Panjang 2,>100 to 120,90,2024
Queenstown,Pasir Panjang 2,>120,1000,2024
Queenstown,Pasir Panjang 2,Not Available,70,2024
Queenstown,Port,<=60,0,2024
Queenstown,Port,>60 to 80,0,2024
Queenstown,Port,>80 to 100,0,2024
Queenstown,Port,>100 to 120,0,2024
Queenstown,Port,>120,0,2024
Queenstown,Port,Not Available,0,2024
Queenstown,Queensway,<=60,10,2024
Queenstown,Queensway,>60 to 80,0,2024
Queenstown,Queensway,>80 to 100,20,2024
Queenstown,Queensway,>100 to 120,20,2024
Queenstown,Queensway,>120,80,2024
Queenstown,Queensway,Not Available,10,2024
Queenstown,Singapore Polytechnic,<=60,0,2024
Queenstown,Singapore Polytechnic,>60 to 80,0,2024
Queenstown,Singapore Polytechnic,>80 to 100,0,2024
Queenstown,Singapore Polytechnic,>100 to 120,0,2024
Queenstown,Singapore Polytechnic,>120,0,2024
Queenstown,Singapore Polytechnic,Not Available,0,2024
Queenstown,Tanglin Halt,<=60,3500,2024
Queenstown,Tanglin Halt,>60 to 80,780,2024
Queenstown,Tanglin Halt,>80 to 100,970,2024
Queenstown,Tanglin Halt,>100 to 120,250,2024
Queenstown,Tanglin Halt,>120,40,2024
Queenstown,Tanglin Halt,Not Available,40,2024
River Valley,Institution Hill,<=60,310,2024
River Valley,Institution Hill,>60 to 80,260,2024
River Valley,Institution Hill,>80 to 100,700,2024
River Valley,Institution Hill,>100 to 120,410,2024
River Valley,Institution Hill,>120,1570,2024
River Valley,Institution Hill,Not Available,70,2024
River Valley,Leonie Hill,<=60,880,2024
River Valley,Leonie Hill,>60 to 80,260,2024
River Valley,Leonie Hill,>80 to 100,530,2024
River Valley,Leonie Hill,>100 to 120,300,2024
River Valley,Leonie Hill,>120,1830,2024
River Valley,Leonie Hill,Not Available,250,2024
River Valley,One Tree Hill,<=60,80,2024
River Valley,One Tree Hill,>60 to 80,90,2024
River Valley,One Tree Hill,>80 to 100,90,2024
River Valley,One Tree Hill,>100 to 120,40,2024
River Valley,One Tree Hill,>120,1400,2024
River Valley,One Tree Hill,Not Available,40,2024
River Valley,Oxley,<=60,90,2024
River Valley,Oxley,>60 to 80,30,2024
River Valley,Oxley,>80 to 100,150,2024
River Valley,Oxley,>100 to 120,130,2024
River Valley,Oxley,>120,740,2024
River Valley,Oxley,Not Available,110,2024
River Valley,Paterson,<=60,0,2024
River Valley,Paterson,>60 to 80,10,2024
River Valley,Paterson,>80 to 100,10,2024
River Valley,Paterson,>100 to 120,30,2024
River Valley,Paterson,>120,260,2024
River Valley,Paterson,Not Available,0,2024
Rochor,Bencoolen,<=60,420,2024
Rochor,Bencoolen,>60 to 80,160,2024
Rochor,Bencoolen,>80 to 100,120,2024
Rochor,Bencoolen,>100 to 120,60,2024
Rochor,Bencoolen,>120,70,2024
Rochor,Bencoolen,Not Available,60,2024
Rochor,Farrer Park,<=60,180,2024
Rochor,Farrer Park,>60 to 80,180,2024
Rochor,Farrer Park,>80 to 100,560,2024
Rochor,Farrer Park,>100 to 120,180,2024
Rochor,Farrer Park,>120,40,2024
Rochor,Farrer Park,Not Available,110,2024
Rochor,Kampong Glam,<=60,0,2024
Rochor,Kampong Glam,>60 to 80,0,2024
Rochor,Kampong Glam,>80 to 100,0,2024
Rochor,Kampong Glam,>100 to 120,0,2024
Rochor,Kampong Glam,>120,0,2024
Rochor,Kampong Glam,Not Available,0,2024
Rochor,Little India,<=60,0,2024
Rochor,Little India,>60 to 80,440,2024
Rochor,Little India,>80 to 100,50,2024
Rochor,Little India,>100 to 120,470,2024
Rochor,Little India,>120,90,2024
Rochor,Little India,Not Available,150,2024
Rochor,Mackenzie,<=60,60,2024
Rochor,Mackenzie,>60 to 80,40,2024
Rochor,Mackenzie,>80 to 100,10,2024
Rochor,Mackenzie,>100 to 120,0,2024
Rochor,Mackenzie,>120,20,2024
Rochor,Mackenzie,Not Available,10,2024
Rochor,Mount Emily,<=60,640,2024
Rochor,Mount Emily,>60 to 80,590,2024
Rochor,Mount Emily,>80 to 100,380,2024
Rochor,Mount Emily,>100 to 120,240,2024
Rochor,Mount Emily,>120,540,2024
Rochor,Mount Emily,Not Available,70,2024
Rochor,Rochor Canal,<=60,0,2024
Rochor,Rochor Canal,>60 to 80,0,2024
Rochor,Rochor Canal,>80 to 100,0,2024
Rochor,Rochor Canal,>100 to 120,0,2024
Rochor,Rochor Canal,>120,0,2024
Rochor,Rochor Canal,Not Available,0,2024
Rochor,Selegie,<=60,0,2024
Rochor,Selegie,>60 to 80,0,2024
Rochor,Selegie,>80 to 100,0,2024
Rochor,Selegie,>100 to 120,0,2024
Rochor,Selegie,>120,100,2024
Rochor,Selegie,Not Available,10,2024
Rochor,Sungei Road,<=60,300,2024
Rochor,Sungei Road,>60 to 80,400,2024
Rochor,Sungei Road,>80 to 100,120,2024
Rochor,Sungei Road,>100 to 120,0,2024
Rochor,Sungei Road,>120,20,2024
Rochor,Sungei Road,Not Available,50,2024
Rochor,Victoria,<=60,280,2024
Rochor,Victoria,>60 to 80,290,2024
Rochor,Victoria,>80 to 100,280,2024
Rochor,Victoria,>100 to 120,50,2024
Rochor,Victoria,>120,30,2024
Rochor,Victoria,Not Available,0,2024
Seletar,Pulau Punggol Barat,<=60,0,2024
Seletar,Pulau Punggol Barat,>60 to 80,0,2024
Seletar,Pulau Punggol Barat,>80 to 100,0,2024
Seletar,Pulau Punggol Barat,>100 to 120,0,2024
Seletar,Pulau Punggol Barat,>120,0,2024
Seletar,Pulau Punggol Barat,Not Available,0,2024
Seletar,Pulau Punggol Timor,<=60,0,2024
Seletar,Pulau Punggol Timor,>60 to 80,0,2024
Seletar,Pulau Punggol Timor,>80 to 100,0,2024
Seletar,Pulau Punggol Timor,>100 to 120,0,2024
Seletar,Pulau Punggol Timor,>120,0,2024
Seletar,Pulau Punggol Timor,Not Available,0,2024
Seletar,Seletar,<=60,0,2024
Seletar,Seletar,>60 to 80,0,2024
Seletar,Seletar,>80 to 100,0,2024
Seletar,Seletar,>100 to 120,0,2024
Seletar,Seletar,>120,130,2024
Seletar,Seletar,Not Available,0,2024
Seletar,Seletar Aerospace Park,<=60,0,2024
Seletar,Seletar Aerospace Park,>60 to 80,0,2024
Seletar,Seletar Aerospace Park,>80 to 100,0,2024
Seletar,Seletar Aerospace Park,>100 to 120,0,2024
Seletar,Seletar Aerospace Park,>120,0,2024
Seletar,Seletar Aerospace Park,Not Available,0,2024
Sembawang,Admiralty,<=60,510,2024
Sembawang,Admiralty,>60 to 80,260,2024
Sembawang,Admiralty,>80 to 100,1840,2024
Sembawang,Admiralty,>100 to 120,1330,2024
Sembawang,Admiralty,>120,730,2024
Sembawang,Admiralty,Not Available,0,2024
Sembawang,Sembawang Central,<=60,1250,2024
Sembawang,Sembawang Central,>60 to 80,280,2024
Sembawang,Sembawang Central,>80 to 100,3200,2024
Sembawang,Sembawang Central,>100 to 120,4000,2024
Sembawang,Sembawang Central,>120,2490,2024
Sembawang,Sembawang Central,Not Available,0,2024
Sembawang,Sembawang East,<=60,2110,2024
Sembawang,Sembawang East,>60 to 80,1150,2024
Sembawang,Sembawang East,>80 to 100,3840,2024
Sembawang,Sembawang East,>100 to 120,1610,2024
Sembawang,Sembawang East,>120,70,2024
Sembawang,Sembawang East,Not Available,0,2024
Sembawang,Sembawang North,<=60,580,2024
Sembawang,Sembawang North,>60 to 80,90,2024
Sembawang,Sembawang North,>80 to 100,3090,2024
Sembawang,Sembawang North,>100 to 120,3150,2024
Sembawang,Sembawang North,>120,1100,2024
Sembawang,Sembawang North,Not Available,0,2024
Sembawang,Sembawang Springs,<=60,110,2024
Sembawang,Sembawang Springs,>60 to 80,230,2024
Sembawang,Sembawang Springs,>80 to 100,1010,2024
Sembawang,Sembawang Springs,>100 to 120,630,2024
Sembawang,Sembawang Springs,>120,1080,2024
Sembawang,Sembawang Springs,Not Available,90,2024
Sembawang,Sembawang Straits,<=60,10,2024
Sembawang,Sembawang Straits,>60 to 80,90,2024
Sembawang,Sembawang Straits,>80 to 100,50,2024
Sembawang,Sembawang Straits,>100 to 120,20,2024
Sembawang,Sembawang Straits,>120,550,2024
Sembawang,Sembawang Straits,Not Available,20,2024
Sembawang,Senoko North,<=60,0,2024
Sembawang,Senoko North,>60 to 80,0,2024
Sembawang,Senoko North,>80 to 100,0,2024
Sembawang,Senoko North,>100 to 120,0,2024
Sembawang,Senoko North,>120,0,2024
Sembawang,Senoko North,Not Available,0,2024
Sembawang,Senoko South,<=60,0,2024
Sembawang,Senoko South,>60 to 80,0,2024
Sembawang,Senoko South,>80 to 100,0,2024
Sembawang,Senoko South,>100 to 120,0,2024
Sembawang,Senoko South,>120,0,2024
Sembawang,Senoko South,Not Available,0,2024
Sembawang,The Wharves,<=60,0,2024
Sembawang,The Wharves,>60 to 80,0,2024
Sembawang,The Wharves,>80 to 100,0,2024
Sembawang,The Wharves,>100 to 120,0,2024
Sembawang,The Wharves,>120,0,2024
Sembawang,The Wharves,Not Available,0,2024
Sengkang,Anchorvale,<=60,1440,2024
Sengkang,Anchorvale,>60 to 80,700,2024
Sengkang,Anchorvale,>80 to 100,6920,2024
Sengkang,Anchorvale,>100 to 120,6530,2024
Sengkang,Anchorvale,>120,1570,2024
Sengkang,Anchorvale,Not Available,0,2024
Sengkang,Compassvale,<=60,650,2024
Sengkang,Compassvale,>60 to 80,670,2024
Sengkang,Compassvale,>80 to 100,5020,2024
Sengkang,Compassvale,>100 to 120,1310,2024
Sengkang,Compassvale,>120,320,2024
Sengkang,Compassvale,Not Available,0,2024
Sengkang,Fernvale,<=60,4800,2024
Sengkang,Fernvale,>60 to 80,3890,2024
Sengkang,Fernvale,>80 to 100,11400,2024
Sengkang,Fernvale,>100 to 120,4990,2024
Sengkang,Fernvale,>120,880,2024
Sengkang,Fernvale,Not Available,60,2024
Sengkang,Lorong Halus North,<=60,0,2024
Sengkang,Lorong Halus North,>60 to 80,0,2024
Sengkang,Lorong Halus North,>80 to 100,0,2024
Sengkang,Lorong Halus North,>100 to 120,0,2024
Sengkang,Lorong Halus North,>120,0,2024
Sengkang,Lorong Halus North,Not Available,0,2024
Sengkang,Rivervale,<=60,1780,2024
Sengkang,Rivervale,>60 to 80,660,2024
Sengkang,Rivervale,>80 to 100,6730,2024
Sengkang,Rivervale,>100 to 120,8120,2024
Sengkang,Rivervale,>120,3790,2024
Sengkang,Rivervale,Not Available,0,2024
Sengkang,Sengkang Town Centre,<=60,350,2024
Sengkang,Sengkang Town Centre,>60 to 80,1140,2024
Sengkang,Sengkang Town Centre,>80 to 100,6550,2024
Sengkang,Sengkang Town Centre,>100 to 120,8080,2024
Sengkang,Sengkang Town Centre,>120,3670,2024
Sengkang,Sengkang Town Centre,Not Available,0,2024
Sengkang,Sengkang West,<=60,0,2024
Sengkang,Sengkang West,>60 to 80,0,2024
Sengkang,Sengkang West,>80 to 100,0,2024
Sengkang,Sengkang West,>100 to 120,0,2024
Sengkang,Sengkang West,>120,0,2024
Sengkang,Sengkang West,Not Available,0,2024
Serangoon,Lorong Chuan,<=60,100,2024
Serangoon,Lorong Chuan,>60 to 80,50,2024
Serangoon,Lorong Chuan,>80 to 100,270,2024
Serangoon,Lorong Chuan,>100 to 120,440,2024
Serangoon,Lorong Chuan,>120,2230,2024
Serangoon,Lorong Chuan,Not Available,20,2024
Serangoon,Seletar Hills,<=60,230,2024
Serangoon,Seletar Hills,>60 to 80,50,2024
Serangoon,Seletar Hills,>80 to 100,210,2024
Serangoon,Seletar Hills,>100 to 120,120,2024
Serangoon,Seletar Hills,>120,4180,2024
Serangoon,Seletar Hills,Not Available,40,2024
Serangoon,Serangoon Central,<=60,650,2024
Serangoon,Serangoon Central,>60 to 80,1830,2024
Serangoon,Serangoon Central,>80 to 100,3170,2024
Serangoon,Serangoon Central,>100 to 120,1670,2024
Serangoon,Serangoon Central,>120,2020,2024
Serangoon,Serangoon Central,Not Available,110,2024
Serangoon,Serangoon Garden,<=60,1750,2024
Serangoon,Serangoon Garden,>60 to 80,2120,2024
Serangoon,Serangoon Garden,>80 to 100,3040,2024
Serangoon,Serangoon Garden,>100 to 120,950,2024
Serangoon,Serangoon Garden,>120,5920,2024
Serangoon,Serangoon Garden,Not Available,150,2024
Serangoon,Serangoon North,<=60,0,2024
Serangoon,Serangoon North,>60 to 80,0,2024
Serangoon,Serangoon North,>80 to 100,600,2024
Serangoon,Serangoon North,>100 to 120,1750,2024
Serangoon,Serangoon North,>120,2300,2024
Serangoon,Serangoon North,Not Available,0,2024
Serangoon,Serangoon North Ind Estate,<=60,0,2024
Serangoon,Serangoon North Ind Estate,>60 to 80,0,2024
Serangoon,Serangoon North Ind Estate,>80 to 100,0,2024
Serangoon,Serangoon North Ind Estate,>100 to 120,0,2024
Serangoon,Serangoon North Ind Estate,>120,0,2024
Serangoon,Serangoon North Ind Estate,Not Available,0,2024
Serangoon,Upper Paya Lebar,<=60,940,2024
Serangoon,Upper Paya Lebar,>60 to 80,1620,2024
Serangoon,Upper Paya Lebar,>80 to 100,1030,2024
Serangoon,Upper Paya Lebar,>100 to 120,1980,2024
Serangoon,Upper Paya Lebar,>120,2020,2024
Serangoon,Upper Paya Lebar,Not Available,90,2024
Simpang,Pulau Seletar,<=60,0,2024
Simpang,Pulau Seletar,>60 to 80,0,2024
Simpang,Pulau Seletar,>80 to 100,0,2024
Simpang,Pulau Seletar,>100 to 120,0,2024
Simpang,Pulau Seletar,>120,0,2024
Simpang,Pulau Seletar,Not Available,0,2024
Simpang,Simpang North,<=60,0,2024
Simpang,Simpang North,>60 to 80,0,2024
Simpang,Simpang North,>80 to 100,0,2024
Simpang,Simpang North,>100 to 120,0,2024
Simpang,Simpang North,>120,0,2024
Simpang,Simpang North,Not Available,0,2024
Simpang,Simpang South,<=60,0,2024
Simpang,Simpang South,>60 to 80,0,2024
Simpang,Simpang South,>80 to 100,0,2024
Simpang,Simpang South,>100 to 120,0,2024
Simpang,Simpang South,>120,0,2024
Simpang,Simpang South,Not Available,0,2024
Simpang,Tanjong Irau,<=60,0,2024
Simpang,Tanjong Irau,>60 to 80,0,2024
Simpang,Tanjong Irau,>80 to 100,0,2024
Simpang,Tanjong Irau,>100 to 120,0,2024
Simpang,Tanjong Irau,>120,0,2024
Simpang,Tanjong Irau,Not Available,0,2024
Singapore River,Boat Quay,<=60,0,2024
Singapore River,Boat Quay,>60 to 80,40,2024
Singapore River,Boat Quay,>80 to 100,0,2024
Singapore River,Boat Quay,>100 to 120,40,2024
Singapore River,Boat Quay,>120,40,2024
Singapore River,Boat Quay,Not Available,10,2024
Singapore River,Clarke Quay,<=60,0,2024
Singapore River,Clarke Quay,>60 to 80,0,2024
Singapore River,Clarke Quay,>80 to 100,0,2024
Singapore River,Clarke Quay,>100 to 120,0,2024
Singapore River,Clarke Quay,>120,0,2024
Singapore River,Clarke Quay,Not Available,0,2024
Singapore River,Robertson Quay,<=60,270,2024
Singapore River,Robertson Quay,>60 to 80,570,2024
Singapore River,Robertson Quay,>80 to 100,730,2024
Singapore River,Robertson Quay,>100 to 120,570,2024
Singapore River,Robertson Quay,>120,1890,2024
Singapore River,Robertson Quay,Not Available,10,2024
Southern Islands,Sentosa,<=60,0,2024
Southern Islands,Sentosa,>60 to 80,0,2024
Southern Islands,Sentosa,>80 to 100,10,2024
Southern Islands,Sentosa,>100 to 120,100,2024
Southern Islands,Sentosa,>120,2050,2024
Southern Islands,Sentosa,Not Available,0,2024
Southern Islands,Southern Group,<=60,0,2024
Southern Islands,Southern Group,>60 to 80,0,2024
Southern Islands,Southern Group,>80 to 100,0,2024
Southern Islands,Southern Group,>100 to 120,0,2024
Southern Islands,Southern Group,>120,0,2024
Southern Islands,Southern Group,Not Available,0,2024
Straits View,Straits View,<=60,0,2024
Straits View,Straits View,>60 to 80,0,2024
Straits View,Straits View,>80 to 100,0,2024
Straits View,Straits View,>100 to 120,0,2024
Straits View,Straits View,>120,0,2024
Straits View,Straits View,Not Available,0,2024
Sungei Kadut,Gali Batu,<=60,0,2024
Sungei Kadut,Gali Batu,>60 to 80,0,2024
Sungei Kadut,Gali Batu,>80 to 100,0,2024
Sungei Kadut,Gali Batu,>100 to 120,0,2024
Sungei Kadut,Gali Batu,>120,0,2024
Sungei Kadut,Gali Batu,Not Available,0,2024
Sungei Kadut,Kranji,<=60,0,2024
Sungei Kadut,Kranji,>60 to 80,0,2024
Sungei Kadut,Kranji,>80 to 100,0,2024
Sungei Kadut,Kranji,>100 to 120,0,2024
Sungei Kadut,Kranji,>120,0,2024
Sungei Kadut,Kranji,Not Available,0,2024
Sungei Kadut,Pang Sua,<=60,0,2024
Sungei Kadut,Pang Sua,>60 to 80,0,2024
Sungei Kadut,Pang Sua,>80 to 100,0,2024
Sungei Kadut,Pang Sua,>100 to 120,0,2024
Sungei Kadut,Pang Sua,>120,0,2024
Sungei Kadut,Pang Sua,Not Available,0,2024
Sungei Kadut,Reservoir View,<=60,0,2024
Sungei Kadut,Reservoir View,>60 to 80,0,2024
Sungei Kadut,Reservoir View,>80 to 100,0,2024
Sungei Kadut,Reservoir View,>100 to 120,0,2024
Sungei Kadut,Reservoir View,>120,0,2024
Sungei Kadut,Reservoir View,Not Available,0,2024
Sungei Kadut,Turf Club,<=60,0,2024
Sungei Kadut,Turf Club,>60 to 80,0,2024
Sungei Kadut,Turf Club,>80 to 100,0,2024
Sungei Kadut,Turf Club,>100 to 120,10,2024
Sungei Kadut,Turf Club,>120,220,2024
Sungei Kadut,Turf Club,Not Available,0,2024
Tampines,Simei,<=60,90,2024
Tampines,Simei,>60 to 80,100,2024
Tampines,Simei,>80 to 100,2770,2024
Tampines,Simei,>100 to 120,4620,2024
Tampines,Simei,>120,6390,2024
Tampines,Simei,Not Available,10,2024
Tampines,Tampines East,<=60,3020,2024
Tampines,Tampines East,>60 to 80,9400,2024
Tampines,Tampines East,>80 to 100,5380,2024
Tampines,Tampines East,>100 to 120,13150,2024
Tampines,Tampines East,>120,12630,2024
Tampines,Tampines East,Not Available,280,2024
Tampines,Tampines North,<=60,860,2024
Tampines,Tampines North,>60 to 80,1260,2024
Tampines,Tampines North,>80 to 100,5680,2024
Tampines,Tampines North,>100 to 120,3570,2024
Tampines,Tampines North,>120,20,2024
Tampines,Tampines North,Not Available,0,2024
Tampines,Tampines West,<=60,2330,2024
Tampines,Tampines West,>60 to 80,4630,2024
Tampines,Tampines West,>80 to 100,5440,2024
Tampines,Tampines West,>100 to 120,10580,2024
Tampines,Tampines West,>120,5950,2024
Tampines,Tampines West,Not Available,140,2024
Tampines,Xilin,<=60,0,2024
Tampines,Xilin,>60 to 80,50,2024
Tampines,Xilin,>80 to 100,230,2024
Tampines,Xilin,>100 to 120,150,2024
Tampines,Xilin,>120,380,2024
Tampines,Xilin,Not Available,0,2024
Tanglin,Chatsworth,<=60,790,2024
Tanglin,Chatsworth,>60 to 80,550,2024
Tanglin,Chatsworth,>80 to 100,660,2024
Tanglin,Chatsworth,>100 to 120,790,2024
Tanglin,Chatsworth,>120,2720,2024
Tanglin,Chatsworth,Not Available,160,2024
Tanglin,Nassim,<=60,340,2024
Tanglin,Nassim,>60 to 80,290,2024
Tanglin,Nassim,>80 to 100,470,2024
Tanglin,Nassim,>100 to 120,610,2024
Tanglin,Nassim,>120,3870,2024
Tanglin,Nassim,Not Available,130,2024
Tanglin,Ridout,<=60,0,2024
Tanglin,Ridout,>60 to 80,0,2024
Tanglin,Ridout,>80 to 100,80,2024
Tanglin,Ridout,>100 to 120,30,2024
Tanglin,Ridout,>120,700,2024
Tanglin,Ridout,Not Available,10,2024
Tanglin,Tyersall,<=60,90,2024
Tanglin,Tyersall,>60 to 80,200,2024
Tanglin,Tyersall,>80 to 100,200,2024
Tanglin,Tyersall,>100 to 120,150,2024
Tanglin,Tyersall,>120,1580,2024
Tanglin,Tyersall,Not Available,110,2024
Tengah,Brickland,<=60,0,2024
Tengah,Brickland,>60 to 80,0,2024
Tengah,Brickland,>80 to 100,0,2024
Tengah,Brickland,>100 to 120,0,2024
Tengah,Brickland,>120,0,2024
Tengah,Brickland,Not Available,0,2024
Tengah,Forest Hill,<=60,0,2024
Tengah,Forest Hill,>60 to 80,0,2024
Tengah,Forest Hill,>80 to 100,0,2024
Tengah,Forest Hill,>100 to 120,0,2024
Tengah,Forest Hill,>120,0,2024
Tengah,Forest Hill,Not Available,0,2024
Tengah,Garden,<=60,500,2024
Tengah,Garden,>60 to 80,110,2024
Tengah,Garden,>80 to 100,180,2024
Tengah,Garden,>100 to 120,170,2024
Tengah,Garden,>120,0,2024
Tengah,Garden,Not Available,0,2024
Tengah,Park,<=60,0,2024
Tengah,Park,>60 to 80,0,2024
Tengah,Park,>80 to 100,0,2024
Tengah,Park,>100 to 120,0,2024
Tengah,Park,>120,0,2024
Tengah,Park,Not Available,0,2024
Tengah,Plantation,<=60,1740,2024
Tengah,Plantation,>60 to 80,410,2024
Tengah,Plantation,>80 to 100,1600,2024
Tengah,Plantation,>100 to 120,1320,2024
Tengah,Plantation,>120,0,2024
Tengah,Plantation,Not Available,0,2024
Tengah,Tengah Industrial Estate,<=60,0,2024
Tengah,Tengah Industrial Estate,>60 to 80,0,2024
Tengah,Tengah Industrial Estate,>80 to 100,0,2024
Tengah,Tengah Industrial Estate,>100 to 120,0,2024
Tengah,Tengah Industrial Estate,>120,0,2024
Tengah,Tengah Industrial Estate,Not Available,0,2024
Toa Payoh,Bidadari,<=60,710,2024
Toa Payoh,Bidadari,>60 to 80,730,2024
Toa Payoh,Bidadari,>80 to 100,1450,2024
Toa Payoh,Bidadari,>100 to 120,440,2024
Toa Payoh,Bidadari,>120,20,2024
Toa Payoh,Bidadari,Not Available,0,2024
Toa Payoh,Boon Teck,<=60,2170,2024
Toa Payoh,Boon Teck,>60 to 80,1850,2024
Toa Payoh,Boon Teck,>80 to 100,650,2024
Toa Payoh,Boon Teck,>100 to 120,790,2024
Toa Payoh,Boon Teck,>120,620,2024
Toa Payoh,Boon Teck,Not Available,60,2024
Toa Payoh,Braddell,<=60,760,2024
Toa Payoh,Braddell,>60 to 80,1170,2024
Toa Payoh,Braddell,>80 to 100,660,2024
Toa Payoh,Braddell,>100 to 120,490,2024
Toa Payoh,Braddell,>120,730,2024
Toa Payoh,Braddell,Not Available,50,2024
Toa Payoh,Joo Seng,<=60,570,2024
Toa Payoh,Joo Seng,>60 to 80,370,2024
Toa Payoh,Joo Seng,>80 to 100,600,2024
Toa Payoh,Joo Seng,>100 to 120,890,2024
Toa Payoh,Joo Seng,>120,800,2024
Toa Payoh,Joo Seng,Not Available,90,2024
Toa Payoh,Kim Keat,<=60,190,2024
Toa Payoh,Kim Keat,>60 to 80,1420,2024
Toa Payoh,Kim Keat,>80 to 100,440,2024
Toa Payoh,Kim Keat,>100 to 120,760,2024
Toa Payoh,Kim Keat,>120,570,2024
Toa Payoh,Kim Keat,Not Available,20,2024
Toa Payoh,Lorong 8 Toa Payoh,<=60,260,2024
Toa Payoh,Lorong 8 Toa Payoh,>60 to 80,840,2024
Toa Payoh,Lorong 8 Toa Payoh,>80 to 100,980,2024
Toa Payoh,Lorong 8 Toa Payoh,>100 to 120,580,2024
Toa Payoh,Lorong 8 Toa Payoh,>120,10,2024
Toa Payoh,Lorong 8 Toa Payoh,Not Available,30,2024
Toa Payoh,Pei Chun,<=60,260,2024
Toa Payoh,Pei Chun,>60 to 80,2160,2024
Toa Payoh,Pei Chun,>80 to 100,480,2024
Toa Payoh,Pei Chun,>100 to 120,820,2024
Toa Payoh,Pei Chun,>120,200,2024
Toa Payoh,Pei Chun,Not Available,70,2024
Toa Payoh,Potong Pasir,<=60,750,2024
Toa Payoh,Potong Pasir,>60 to 80,2650,2024
Toa Payoh,Potong Pasir,>80 to 100,790,2024
Toa Payoh,Potong Pasir,>100 to 120,1230,2024
Toa Payoh,Potong Pasir,>120,520,2024
Toa Payoh,Potong Pasir,Not Available,60,2024
Toa Payoh,Sennett,<=60,610,2024
Toa Payoh,Sennett,>60 to 80,1230,2024
Toa Payoh,Sennett,>80 to 100,2450,2024
Toa Payoh,Sennett,>100 to 120,740,2024
Toa Payoh,Sennett,>120,1300,2024
Toa Payoh,Sennett,Not Available,90,2024
Toa Payoh,Toa Payoh Central,<=60,1240,2024
Toa Payoh,Toa Payoh Central,>60 to 80,2710,2024
Toa Payoh,Toa Payoh Central,>80 to 100,2620,2024
Toa Payoh,Toa Payoh Central,>100 to 120,2620,2024
Toa Payoh,Toa Payoh Central,>120,1430,2024
Toa Payoh,Toa Payoh Central,Not Available,160,2024
Toa Payoh,Toa Payoh West,<=60,430,2024
Toa Payoh,Toa Payoh West,>60 to 80,3340,2024
Toa Payoh,Toa Payoh West,>80 to 100,710,2024
Toa Payoh,Toa Payoh West,>100 to 120,100,2024
Toa Payoh,Toa Payoh West,>120,1450,2024
Toa Payoh,Toa Payoh West,Not Available,110,2024
Toa Payoh,Woodleigh,<=60,360,2024
Toa Payoh,Woodleigh,>60 to 80,270,2024
Toa Payoh,Woodleigh,>80 to 100,360,2024
Toa Payoh,Woodleigh,>100 to 120,380,2024
Toa Payoh,Woodleigh,>120,530,2024
Toa Payoh,Woodleigh,Not Available,0,2024
Tuas,Tengeh,<=60,0,2024
Tuas,Tengeh,>60 to 80,0,2024
Tuas,Tengeh,>80 to 100,0,2024
Tuas,Tengeh,>100 to 120,0,2024
Tuas,Tengeh,>120,0,2024
Tuas,Tengeh,Not Available,0,2024
Tuas,Tuas Bay,<=60,0,2024
Tuas,Tuas Bay,>60 to 80,0,2024
Tuas,Tuas Bay,>80 to 100,0,2024
Tuas,Tuas Bay,>100 to 120,0,2024
Tuas,Tuas Bay,>120,0,2024
Tuas,Tuas Bay,Not Available,0,2024
Tuas,Tuas North,<=60,0,2024
Tuas,Tuas North,>60 to 80,0,2024
Tuas,Tuas North,>80 to 100,0,2024
Tuas,Tuas North,>100 to 120,0,2024
Tuas,Tuas North,>120,0,2024
Tuas,Tuas North,Not Available,0,2024
Tuas,Tuas Promenade,<=60,0,2024
Tuas,Tuas Promenade,>60 to 80,0,2024
Tuas,Tuas Promenade,>80 to 100,0,2024
Tuas,Tuas Promenade,>100 to 120,0,2024
Tuas,Tuas Promenade,>120,0,2024
Tuas,Tuas Promenade,Not Available,0,2024
Tuas,Tuas View,<=60,0,2024
Tuas,Tuas View,>60 to 80,0,2024
Tuas,Tuas View,>80 to 100,0,2024
Tuas,Tuas View,>100 to 120,0,2024
Tuas,Tuas View,>120,0,2024
Tuas,Tuas View,Not Available,0,2024
Tuas,Tuas View Extension,<=60,0,2024
Tuas,Tuas View Extension,>60 to 80,0,2024
Tuas,Tuas View Extension,>80 to 100,0,2024
Tuas,Tuas View Extension,>100 to 120,0,2024
Tuas,Tuas View Extension,>120,0,2024
Tuas,Tuas View Extension,Not Available,0,2024
Western Islands,Jurong Island And Bukom,<=60,0,2024
Western Islands,Jurong Island And Bukom,>60 to 80,0,2024
Western Islands,Jurong Island And Bukom,>80 to 100,0,2024
Western Islands,Jurong Island And Bukom,>100 to 120,0,2024
Western Islands,Jurong Island And Bukom,>120,0,2024
Western Islands,Jurong Island And Bukom,Not Available,0,2024
Western Islands,Semakau,<=60,0,2024
Western Islands,Semakau,>60 to 80,0,2024
Western Islands,Semakau,>80 to 100,0,2024
Western Islands,Semakau,>100 to 120,0,2024
Western Islands,Semakau,>120,0,2024
Western Islands,Semakau,Not Available,0,2024
Western Islands,Sudong,<=60,0,2024
Western Islands,Sudong,>60 to 80,0,2024
Western Islands,Sudong,>80 to 100,0,2024
Western Islands,Sudong,>100 to 120,0,2024
Western Islands,Sudong,>120,0,2024
Western Islands,Sudong,Not Available,0,2024
Western Water Catchment,Bahar,<=60,0,2024
Western Water Catchment,Bahar,>60 to 80,0,2024
Western Water Catchment,Bahar,>80 to 100,0,2024
Western Water Catchment,Bahar,>100 to 120,0,2024
Western Water Catchment,Bahar,>120,0,2024
Western Water Catchment,Bahar,Not Available,0,2024
Western Water Catchment,Cleantech,<=60,0,2024
Western Water Catchment,Cleantech,>60 to 80,0,2024
Western Water Catchment,Cleantech,>80 to 100,0,2024
Western Water Catchment,Cleantech,>100 to 120,0,2024
Western Water Catchment,Cleantech,>120,0,2024
Western Water Catchment,Cleantech,Not Available,0,2024
Western Water Catchment,Murai,<=60,0,2024
Western Water Catchment,Murai,>60 to 80,0,2024
Western Water Catchment,Murai,>80 to 100,0,2024
Western Water Catchment,Murai,>100 to 120,0,2024
Western Water Catchment,Murai,>120,0,2024
Western Water Catchment,Murai,Not Available,0,2024
Woodlands,Greenwood Park,<=60,0,2024
Woodlands,Greenwood Park,>60 to 80,0,2024
Woodlands,Greenwood Park,>80 to 100,0,2024
Woodlands,Greenwood Park,>100 to 120,0,2024
Woodlands,Greenwood Park,>120,0,2024
Woodlands,Greenwood Park,Not Available,0,2024
Woodlands,Midview,<=60,590,2024
Woodlands,Midview,>60 to 80,340,2024
Woodlands,Midview,>80 to 100,2790,2024
Woodlands,Midview,>100 to 120,2440,2024
Woodlands,Midview,>120,3500,2024
Woodlands,Midview,Not Available,0,2024
Woodlands,North Coast,<=60,60,2024
Woodlands,North Coast,>60 to 80,1440,2024
Woodlands,North Coast,>80 to 100,1640,2024
Woodlands,North Coast,>100 to 120,540,2024
Woodlands,North Coast,>120,220,2024
Woodlands,North Coast,Not Available,10,2024
Woodlands,Senoko West,<=60,0,2024
Woodlands,Senoko West,>60 to 80,0,2024
Woodlands,Senoko West,>80 to 100,0,2024
Woodlands,Senoko West,>100 to 120,0,2024
Woodlands,Senoko West,>120,0,2024
Woodlands,Senoko West,Not Available,0,2024
Woodlands,Woodgrove,<=60,770,2024
Woodlands,Woodgrove,>60 to 80,860,2024
Woodlands,Woodgrove,>80 to 100,1810,2024
Woodlands,Woodgrove,>100 to 120,2960,2024
Woodlands,Woodgrove,>120,3870,2024
Woodlands,Woodgrove,Not Available,60,2024
Woodlands,Woodlands East,<=60,2030,2024
Woodlands,Woodlands East,>60 to 80,910,2024
Woodlands,Woodlands East,>80 to 100,7580,2024
Woodlands,Woodlands East,>100 to 120,12300,2024
Woodlands,Woodlands East,>120,7130,2024
Woodlands,Woodlands East,Not Available,0,2024
Woodlands,Woodlands Regional Centre,<=60,0,2024
Woodlands,Woodlands Regional Centre,>60 to 80,0,2024
Woodlands,Woodlands Regional Centre,>80 to 100,0,2024
Woodlands,Woodlands Regional Centre,>100 to 120,0,2024
Woodlands,Woodlands Regional Centre,>120,0,2024
Woodlands,Woodlands Regional Centre,Not Available,0,2024
Woodlands,Woodlands South,<=60,1210,2024
Woodlands,Woodlands South,>60 to 80,460,2024
Woodlands,Woodlands South,>80 to 100,2200,2024
Woodlands,Woodlands South,>100 to 120,5330,2024
Woodlands,Woodlands South,>120,3130,2024
Woodlands,Woodlands South,Not Available,0,2024
Woodlands,Woodlands West,<=60,3280,2024
Woodlands,Woodlands West,>60 to 80,3020,2024
Woodlands,Woodlands West,>80 to 100,3310,2024
Woodlands,Woodlands West,>100 to 120,1290,2024
Woodlands,Woodlands West,>120,1950,2024
Woodlands,Woodlands West,Not Available,100,2024
Yishun,Khatib,<=60,140,2024
Yishun,Khatib,>60 to 80,870,2024
Yishun,Khatib,>80 to 100,680,2024
Yishun,Khatib,>100 to 120,710,2024
Yishun,Khatib,>120,1070,2024
Yishun,Khatib,Not Available,10,2024
Yishun,Lower Seletar,<=60,690,2024
Yishun,Lower Seletar,>60 to 80,1000,2024
Yishun,Lower Seletar,>80 to 100,2280,2024
Yishun,Lower Seletar,>100 to 120,1730,2024
Yishun,Lower Seletar,>120,450,2024
Yishun,Lower Seletar,Not Available,0,2024
Yishun,Nee Soon,<=60,40,2024
Yishun,Nee Soon,>60 to 80,50,2024
Yishun,Nee Soon,>80 to 100,40,2024
Yishun,Nee Soon,>100 to 120,90,2024
Yishun,Nee Soon,>120,210,2024
Yishun,Nee Soon,Not Available,0,2024
Yishun,Northland,<=60,480,2024
Yishun,Northland,>60 to 80,2640,2024
Yishun,Northland,>80 to 100,3160,2024
Yishun,Northland,>100 to 120,1620,2024
Yishun,Northland,>120,1330,2024
Yishun,Northland,Not Available,90,2024
Yishun,Springleaf,<=60,20,2024
Yishun,Springleaf,>60 to 80,20,2024
Yishun,Springleaf,>80 to 100,10,2024
Yishun,Springleaf,>100 to 120,20,2024
Yishun,Springleaf,>120,1180,2024
Yishun,Springleaf,Not Available,40,2024
Yishun,Yishun Central,<=60,270,2024
Yishun,Yishun Central,>60 to 80,320,2024
Yishun,Yishun Central,>80 to 100,180,2024
Yishun,Yishun Central,>100 to 120,340,2024
Yishun,Yishun Central,>120,200,2024
Yishun,Yishun Central,Not Available,0,2024
Yishun,Yishun East,<=60,4370,2024
Yishun,Yishun East,>60 to 80,3460,2024
Yishun,Yishun East,>80 to 100,8640,2024
Yishun,Yishun East,>100 to 120,6090,2024
Yishun,Yishun East,>120,2290,2024
Yishun,Yishun East,Not Available,30,2024
Yishun,Yishun South,<=60,770,2024
Yishun,Yishun South,>60 to 80,1910,2024
Yishun,Yishun South,>80 to 100,3690,2024
Yishun,Yishun South,>100 to 120,4300,2024
Yishun,Yishun South,>120,3460,2024
Yishun,Yishun South,Not Available,70,2024
Yishun,Yishun West,<=60,670,2024
Yishun,Yishun West,>60 to 80,6740,2024
Yishun,Yishun West,>80 to 100,6800,2024
Yishun,Yishun West,>100 to 120,2420,2024
Yishun,Yishun West,>120,1990,2024
Yishun,Yishun West,Not Available,250,2024
